date,year,month,financial_1,economic_1,economic_2,economic_3,economic_4,economic_5,economic_6,economic_7,economic_8,economic_9,economic_10,economic_12,d_gdp,ind_backcast,ind_nowcast,ind_forecast1Q,ind_forecast2Q
1992-01-31,1992,1,6.64917079982965,3.80217248386874,1.1415649083677,6.90811678094674,-1.05821093305369,6.69462745466198,1.33870807824596,0.382897723709785,0.62461164969525,-0.461361833351237,0.223214378394054,3.5686084228832,NaN,0,0,0,0
1992-02-29,1992,2,3.5581770340543,6.03233586607912,1.68827870387505,6.40362318470231,0.398142529918477,7.8101415542374,0.794706169253168,0.254453063499405,0.248756347180201,0.461361833351237,0.222717241282488,5.60448220485235,NaN,0,0,0,0
1992-03-31,1992,3,-1.63981349686884,-3.21931230141308,-2.82984361224274,-3.66038502725328,-0.931477127454716,0.424916784181661,-1.46182005095543,0.380469704366426,0.371978110253224,0.229885158711074,0.443951894536454,-2.98637394620034,7.22398423029951,0,0,0,0
1992-04-30,1992,4,0.565221857606968,-1.64937407058519,-0.11487652038733,-2.43469116783368,-2.98529631496818,-1.82390986681966,0.267379838440274,0.505051578606874,0.493828164058208,0.343839880303243,0.221239028294118,-2.52164203562604,NaN,0,0,0,0
1992-05-31,1992,5,4.42970296902772,1.0787591128997,-0.807852056520186,-1.92852011102627,-2.22850447894345,0.697808979489523,-0.535476513766042,0.377121754307908,0.123076938613309,0,0.22075064152105,0.526791509745195,NaN,0,0,0,0
1992-06-30,1992,6,-2.88734238118158,-1.0787591128997,-1.40025625100533,3.15327516329402,-2.13531244705694,-0.942352713407857,-1.07963261902224,0.250626697605938,0.613122705493652,0.342661671664768,0.220264406234172,-1.41909822034663,-3.34270161209496,0,0,0,0
1992-07-31,1992,7,-8.71444940741943,-2.7861039628819,-2.01787262146276,-5.37629462032703,-2.32907180060957,-0.412742508590469,-2.05627532965105,0.125078190165251,0.12217472503222,-0.228310601456805,0,-3.05409936262375,NaN,0,0,0,0
1992-08-31,1992,8,-5.00477360739229,3.43475488584257,0.478469812333593,0,0.87977107035293,3.03402397244632,0.276625349289006,0.124921940043254,0,0,0.109950533341685,2.96679186294604,NaN,0,0,0,0
1992-09-30,1992,9,-3.99245081358881,-0.21574981400212,-0.959239969143866,2.41128433849465,0.727275932908,-0.676600619196677,1.09891215755953,0.124766079815508,0.243902559935893,-0.114351070207963,0,-0.461417288278021,0,0,0,0,0
1992-10-31,1992,10,1.32377677623028,-1.66973026236086,-0.241254640538457,1.92492748888116,-5.81819553827359,0.283070452294965,-1.79191562402652,0.497513464011412,0.48602768822521,-0.229095174655569,-0.220022090960192,-2.16890074990737,NaN,0,0,0,0
1992-11-30,1992,11,3.65402059597111,2.0290551189734,-1.45987994211527,-0.80272119825473,1.06952891167476,0.559305961273893,-0.697839538146194,0.247831601446702,0.36297680505788,0.114613193062318,0.110071557618507,1.8006823718931,NaN,0,0,0,0
1992-12-31,1992,12,-0.433912301743078,7.06175672139535,-1.73057470975921,11.5231046134663,2.10534091978323,14.0456597109917,1.39084300461318,0.12368585373963,0.120700075003555,0,0,6.50545551928339,0.0919540233933702,0,0,0,0
1993-01-31,1993,1,2.28831364268789,-6.70371838689414,-1.00251466193786,-6.91902074520714,-1.65045006714628,-10.9232355981383,-4.95501213720582,1.35054231998071,1.31817367020641,-0.114613193062318,0,-6.40299649392659,NaN,0,0,0,0
1993-02-28,1993,2,6.51601226009078,0,-1.52287207018249,-3.4943314186787,-3.07243829310169,-7.68861793641413,-0.290697879130875,0.607904607638154,0.593473551981472,0.229095174655569,0,-0.410467482413246,NaN,0,0,0,0
1993-03-31,1993,3,-0.189466046517239,3.58058607491385,0,4.43717870966038,-2.20829162877489,5.2891209533545,-0.14566644964642,0.121138718629776,0.236406729488081,0,-0.110071557618507,3.57276107037858,-4.85639312144954,0,0,0,0
1993-04-30,1993,4,-3.02777405998427,-0.276243269590992,-0.770222036209223,-2.55434143022235,0.318471606752002,2.38321124770025,0,0.483092726966561,0.471143392131967,-0.114481981593251,0.110071557618507,-0.387844312524876,NaN,0,0,0,0
1993-05-31,1993,5,0.0233558906110432,0.48292608515732,0,-2.55955471889644,2.2013467537179,-0.181265441240441,-1.61649368533556,0,0.117439825594179,-0.114613193062318,-0.220264406234172,0.343815000872283,NaN,0,0,0,0
1993-06-30,1993,6,4.43083241989832,-1.24655353765615,-0.646414661988981,1.22700925918151,-1.40957698003943,1.25271937232725,-0.148257996022316,0.480770156810273,0.351494210744452,0,0,-1.1968863872335,0.883156479851621,0,0,0,0
1993-07-31,1993,7,6.9346671532708,-1.61577101405346,-2.36231457634357,3.88688688993728,1.09805024834442,0.0357740695456243,-0.894193737566074,0.239521072595483,0.350263055120159,0.114613193062318,0.220264406234172,-1.37406578916188,NaN,0,0,0,0
1993-08-31,1993,8,5.79717610646,4.16148812356347,4.28915646293131,-0.293685967330948,-0.469117357588011,-0.417081110743567,3.24034240546593,0.23894873973811,0.349040493976815,0,0,3.46935453639237,NaN,0,0,0,0
1993-09-30,1993,9,-1.12699814612229,-1.36801039040808,-0.510205188389534,-2.38106486937184,3.99438661316447,0.628157371820137,-0.581396986541982,0,0.116076623596317,-0.344234419097322,-0.220264406234172,-1.10202780165665,2.96057787288611,0,0,0,0
1993-10-31,1993,10,7.78968882637505,1.23204843880407,0,9.20188987202515,-1.21213605323449,1.21180232856481,-0.438276815509564,0.357355949086546,0.231749814036242,0,-0.110314407215739,1.1629738524384,NaN,0,0,0,0
1993-11-30,1993,11,-0.585739953269115,-7.0451660950611,-0.899171119196396,-0.661523911871864,0,-1.62071947041866,-0.587373201209385,0.118835426937913,0.115673812782369,0.11487652038733,0.110314407215739,-7.05300975475502,NaN,0,0,0,0
1993-12-31,1993,12,9.40154531648059,2.73595178958175,1.15459909970612,-0.110680697519161,3.74015172054234,-0.502031215130216,2.61642832018278,0,0,0.114744705647674,0.110192848615664,2.74941479737123,0.874719805335644,0,0,0,0
1994-01-31,1994,1,-2.81904861287643,10.4436793703488,-0.255427980509726,8.08090891135249,-4.81295894454226,8.89086715911596,-2.46926125903713,0.592068040972737,0.346220772847072,0.114613193062318,-0.110192848615664,10.1807409254533,NaN,0,0,0,0
1994-02-28,1994,2,-4.16090908177171,-8.12697344219551,1.39684810895373,-8.97079242556549,3.18449956809213,-0.55379942822853,1.16960397631907,0.235849165929292,0.230149698827908,0.228833051801214,0.110192848615664,-8.90378248684804,NaN,0,0,0,0
1994-03-31,1994,3,1.86716559208771,12.3242697801286,-0.505690078897381,2.42837539816092,3.23082432326585,0.985926684482763,0.435098583432669,0.235294226202676,0.229621226035004,0.114220457877678,0.110071557618507,11.9703243096403,4.61798579519055,0,0,0,0
1994-04-30,1994,4,4.9894490384391,-4.77477628732155,1.13422766039344,-0.43715916614957,-0.434468460401138,-0.398403071539377,1.15109184661399,0.234741891830481,0.343446244863532,-0.114220457877678,0,-4.90076658359815,NaN,0,0,0,0
1994-05-31,1994,5,-5.24830480430527,-0.710367856443206,-0.250941160542606,-0.164428647625137,-1.31484728435058,0.0404690759808091,0,0.117164629689093,0.114220457877678,0.114220457877678,0.109950533341685,-1.10923922641977,NaN,0,0,0,0
1994-06-30,1994,6,-5.60439032906226,1.15980681522716,0.501254182354405,-2.27471666479078,2.61263045922195,1.0933304152303,0.285714480077992,0.233918235317176,0.341880674878592,0,0,0.722169906860692,1.63321084329446,0,0,0,0
1994-07-31,1994,7,6.29676978431251,-1.54941769768362,-0.375704887771189,-3.13505298840768,-0.574714225556772,-0.796393324992906,0.568991577767886,0.23337233462204,0.227272825100222,0,0.109829774906256,-1.76093490315097,NaN,0,0,0,0
1994-08-31,1994,8,2.51890447020209,2.37876854387524,0.12539186595939,3.58298206881225,-0.868312257346116,-0.468464646964861,-0.854706057845878,0.465117117573133,0.226757466778071,0.114090143579126,0.109709281437365,1.95965330197758,NaN,0,0,0,0
1994-09-30,1994,9,-9.73784013647938,-0.445718662132766,1.49256502166759,-1.18012046750149,4.40725197877034,1.98685708536992,3.37584799249546,-0.116076623596317,0.113186203368354,-0.114090143579126,0.109589052063708,-0.671089626236565,3.24655147122925,0,0,0,0
1994-10-31,1994,10,2.9176172652746,3.63448524078169,1.7136282242987,2.5671052539165,0.831029713362774,1.83285117847056,1.64612770540717,0.116076623596317,0,0.228050269872515,0.218818468055293,3.11646310895775,NaN,0,0,0,0
1994-11-30,1994,11,-0.208798087360229,3.03053494953289,0.484262447578754,6.91765093535963,0.412939334201123,2.48743166955663,1.21705356202559,0.115942041973405,0.113058237028518,0.454546237167452,0.43620570801659,2.73044438238532,NaN,0,0,0,0
1994-12-31,1994,12,1.93661956284021,-3.09209235375434,0,-0.102880667510696,3.90622052407634,3.20942574013507,0.936461693104285,0,0.112930559715174,0.226500663085272,0.217391389961907,-3.47692102392774,3.17586236400302,0,0,0,0
1995-01-31,1995,1,-3.5270150646145,-12.3030771113454,-1.82820448374486,-0.257665692672848,-7.54298494116377,-4.75014269882124,-2.4259949877484,0.115807772062837,0.112803170449904,0.451468035452596,0.757169653089385,-12.2993663706938,NaN,0,0,0,0
1995-02-28,1995,2,3.54322764193755,15.8716444582637,1.3439420361661,-6.44697240545407,1.9746762934834,5.28733954377998,2.02572760878263,0.346620797648622,0.337648041660543,0.33726844786397,0.322754449086649,15.7187064871122,NaN,0,0,0,0
1995-03-31,1995,3,-9.13573586504048,-5.05742859629335,-0.975617494536518,-3.13049598999653,0.13956736389753,-1.5979287661839,-0.536194314138516,0.115273787980819,0.22446698538241,0.224215340568978,0.214592357027676,-5.05696734274466,0.133637731628866,0,0,0,0
1995-04-30,1995,4,5.25264215167605,0.187324438168091,0.366972888896289,-0.855437209665855,-1.54606031063791,-5.52642721114083,-0.404040953700502,0,-0.112170510919984,-0.112044829648994,0,-0.0719290331248956,NaN,0,0,0,0
1995-05-31,1995,5,3.98313912527719,-1.00314320831441,0.608644605640229,-2.43490290102857,1.96359745168593,0.286612228995153,0.940235267839018,0.230149698827908,0.33613477027048,0,0,-1.28475106900616,NaN,0,0,0,0
1995-06-30,1995,6,-0.520886261059239,-1.45987994211527,-1.09824166686092,0.468384931242571,-3.53393664453092,-0.70325259220283,0,0.11487652038733,0.111794310134083,0.112044829648994,0.107123738149895,-1.53077571326463,4.07669419947183,0,0,0,0
1995-07-31,1995,7,6.19325433551525,0.382897723709696,-0.24570036930518,0.930239266231414,3.1163995034829,-2.09244119983047,-2.02572760878263,0,0.111669470007492,-0.224215340568978,0,-0.0568939354760545,NaN,0,0,0,0
1995-08-31,1995,8,0.525944840514381,-0.7031029284577,-1.23763956010494,-0.347826437632559,-4.711792297707,0.940495658877083,0,0.229357898709992,0.22296553272696,0.112170510919984,0.213903824874961,-0.269829717946557,NaN,0,0,0,0
1995-09-30,1995,9,-1.48621651185294,-2.00848993313105,1.97293699063081,3.20027310861741,3.58976089095764,0.0519765487524637,1.62385164929084,0.228833051801214,0.111296616942091,0.112044829648994,0.106780576082954,-2.1929865059251,0.616740210287148,0,0,0,0
1995-10-31,1995,10,-1.62631318865278,1.30040844232067,-2.59754864032606,-3.95807329582585,-4.47082385917321,-2.21424116189723,-2.17104863709014,0,0.222222313671683,0,0,0.888546470456042,NaN,0,0,0,0
1995-11-30,1995,11,4.03564342969691,3.61599814144435,0.62461164969525,5.90745276392601,2.33246725664094,1.86714303613904,0.273972774112075,0.114220457877678,0.110926245428633,-0.112044829648994,-0.106780576082954,3.63591861038568,NaN,0,0,0,0
1995-12-31,1995,12,0.254227229310455,-13.7366060898635,0,-11.3792113136414,1.28849313038604,-0.0788784181079194,1.49357834176014,0,-0.110926245428633,0.223964259350495,0,-13.85623827187,-0.308251240003088,0,0,0,0
1996-01-31,1996,1,8.57100688154526,-7.57037903490376,0.372902855986723,5.53025518782686,-2.44792640847793,-11.9799508029313,-1.35687292060682,0,0.110926245428633,-1.46481492373347,-0.106894718890516,-8.81018873428125,NaN,0,0,0,0
1996-02-29,1996,2,0.896494503237388,-9.28459863504001,-0.872279674035426,-5.09855547328684,-1.17303397854904,-10.8680488892254,-2.21003470006664,0.228050269872515,0.110803335436138,0,-0.21413284413434,-9.09292502817252,NaN,0,0,0,0
1996-03-31,1996,3,0.167660741887854,8.82091928805986,0.250000130208505,-4.40322701505034,3.76310682176477,6.30467663433549,1.52463105728735,0.227531383713586,0.221239028294118,-0.113571846392713,0,8.09884402237646,-3.09564839718242,0,0,0,0
1996-04-30,1996,4,0.131665943513504,14.8045993572986,0,0,-0.712761392423289,10.4861007001794,1.23036411953574,0.227014853453866,0.110436234305311,-0.113700978707509,-0.107238616175209,14.6444098079387,NaN,0,0,0,0
1996-05-31,1996,5,1.24313568604917,1.59049078396638,0.870111145273622,4.52622826057034,0.285714480077992,4.67821026371453,0,0.113314459716918,0.220507255831404,0.113700978707509,0.107238616175209,1.331089510618,NaN,0,0,0,0
1996-06-30,1996,6,1.83073796401469,2.91565842914556,0.493828164058208,1.82709102075256,1.83750753049949,2.22513241941087,0.542006746933943,0.113186203368354,0.220022090960192,-0.113700978707509,0,2.43831511631356,6.21123652519806,0,0,0,0
1996-07-31,1996,7,-3.11921287861043,-3.24493103484311,-1.11456262149163,-1.15327530135483,-0.561799230422366,-1.24735674921155,-1.08696722369039,0,0.109829774906256,-0.113830405006077,-0.214592357027676,-4.02184359240962,NaN,0,0,0,0
1996-08-31,1996,8,1.7107490686203,0.853863972674507,1.36056520557792,2.11424365738093,0.421645037893459,1.74553598466005,0.544960476756451,0.113058237028518,-0.109829774906256,0,0,1.0650289961454,NaN,0,0,0,0
1996-09-30,1996,9,4.6636761912759,1.04099834027842,0.734397425575839,-2.72661544243382,-0.280899061105533,-1.9275320579407,2.68112574506567,0.112930559715174,0,0.341103230106299,0.107353740852467,0.0546673143173138,1.96217758707746,0,0,0,0
1996-10-31,1996,10,0.597345153769879,-3.62477903923413,-1.35054231998071,-0.430902482681006,1.39667074817087,-1.19031900356745,-1.46571577999737,0.338028490882358,0.219539056343621,0.339943670146425,0.107238616175209,-4.08884904533249,NaN,0,0,0,0
1996-11-30,1996,11,6.43092818963584,-0.33613477027048,1.47241923939365,-2.56183957146634,-0.695897032430359,1.79314624891553,1.59790350578897,0,0,0.113058237028518,0,-0.543479598595731,NaN,0,0,0,0
1996-12-31,1996,12,1.09026982462304,1.73569110359395,-0.121876919412944,0.630916919326463,-0.419874654634977,-0.179948550952957,0.395517984292759,0,0.219058137981865,0.112930559715174,0.107123738149895,1.33738659478269,1.86601911506941,0,0,0,0
1997-01-31,1997,1,5.32860109712718,-23.3789027762162,-1.10362861428861,-6.16078093894901,1.39278017444688,-13.1071230363414,-2.12773984472845,0.560853965960995,0.327690080231502,0.112803170449904,-0.107123738149895,-21.8170360181675,NaN,0,0,0,0
1997-02-28,1997,2,7.09455408775046,14.3100843640673,1.34723409407673,9.9254958095341,0.276243269590992,7.58634799301596,0.669794868412765,0.111794310134083,0.217865009922225,0.112676068258999,0,14.089025140728,NaN,0,0,0,0
1997-03-31,1997,3,4.40295731148979,0.865806274311431,1.08893997992681,-10.2605044980623,3.39015516756813,3.59331964687684,2.24431862233709,-0.111794310134083,-0.108873173519708,-0.112676068258999,0,0.808710558720627,-1.90951865292952,0,0,0,0
1997-04-30,1997,4,0.884036224185003,1.2848142477849,-0.482509983175738,-1.55566207965236,0.929004690709334,-0.999193999996351,-0.918039234496071,0,0.108873173519708,0.112676068258999,0.107123738149895,1.25673823710883,NaN,0,0,0,0
1997-05-31,1997,5,3.56109890765115,-0.426439878645724,-1.09423584209436,4.3354572157555,-1.59790350578897,-1.302040769,0.394477829101625,0.335008688528138,0.217391389961907,0.224971973401544,0.320684400957916,-0.167506898971403,NaN,0,0,0,0
1997-06-30,1997,6,5.57225996218769,1.27390257774289,3.71968497086002,-0.0652954642852421,1.7299167262812,-0.324248832354357,2.59081848586646,0.111420624340397,0.108518730128715,0,0,0.617585587430547,5.14351460156028,0,0,0,0
1997-07-31,1997,7,15.6608605711437,0.70077371574051,1.17097356729081,-2.3126237123261,0,-1.28083081660328,1.77444452990718,0.444445176042407,0.756351525724508,0.22446698538241,0.21321969698409,0.533330377295727,NaN,0,0,0,0
1997-08-31,1997,8,-11.682021374561,-2.76123737407854,-3.31391271288073,1.19602754629717,0.788440352414899,-1.28775091489146,-2.15881399736348,0.332042363730256,0.107584733346311,0.335758569484579,0.106439605578679,-2.58373885626941,NaN,0,0,0,0
1997-09-30,1997,9,5.82478959142918,1.4255408904722,0.838830562663428,-0.929004690709334,2.20073606731654,-0.187222001722276,1.27552749751265,0,0,0,0.212539931231337,1.02164204887831,1.37191988721952,0,0,0,0
1997-10-31,1997,10,-10.1554646242391,-0.781531508999223,1.53940280912916,0.664454271866877,-0.771212048633885,0.850555201360947,0,0.110436234305311,0.107469112976499,0,0,-0.845252327604307,NaN,0,0,0,0
1997-11-30,1997,11,5.65585660438614,-1.00359265277854,0.351906521519574,-5.02481802008008,-0.777205984770291,-1.92024607680672,1.634228702064,0.110314407215739,0.214592357027676,0,0,-1.25686515007981,NaN,0,0,0,0
1997-12-31,1997,12,6.15636138436706,-0.28860048891346,1.04834972948575,4.0264736216618,1.93180508447641,-1.35523546159746,1.23917322951632,0.110192848615664,0.107123738149895,0.111669470007492,0.106100805709453,-0.3148524271678,3.02724889987687,0,0,0,0
1998-01-31,1998,1,5.03704651346943,-1.38234285585552,1.03747328255519,-2.57466796295827,1.141420128444,4.94534226143628,-1.99011543172949,-0.441501820911672,-0.214362354325104,-0.223463780141575,0,-2.03250598723681,NaN,0,0,0,0
1998-02-28,1998,2,5.50312569056395,-2.07261305171169,-0.229621226035004,4.43025466999574,-0.886642920564196,-3.29444893971633,1.00000833345835,0.110558330774957,0.107238616175209,0,0.105988351204367,-2.32226492652821,NaN,0,0,0,0
1998-03-31,1998,3,8.24459361268683,2.9478921626712,1.25644142875503,0.196785894924023,2.01518154373082,15.5780642786286,1.7263067423781,0,0,0,0,2.29208940535237,3.88886081175244,0,0,0,0
1998-04-30,1998,4,2.78550211810948,-3.02271446320637,-0.912207009657706,0.130975788206378,-0.249688019858763,-20.6855511749033,-1.47785940961187,0.110436234305311,0.107123738149895,-0.33613477027048,-0.212089156913819,-3.16654091046491,NaN,0,0,0,0
1998-05-31,1998,5,5.85004370771287,1.85396485548743,0.457143653258019,-1.98288056493006,-1.38454068220524,-1.07706862239887,1.1104370734234,0.440529346791596,0.320684400957916,0,0,1.6111314168926,NaN,0,0,0,0
1998-06-30,1998,6,4.99874803975402,0.732067691084826,-0.571756846320337,1.45794497631568,0,1.16150588000501,0.976808743620694,0,0.106666676780254,-0.112296474462426,0,0.775237131090556,-1.81291482930064,0,0,0,0
1998-07-31,1998,7,0.330852730808928,0,1.9307811604925,4.69086960697265,0.253164692177954,2.07349866916182,-0.12158056208893,0.109829774906256,0.106553020203837,-0.112422721228089,0,-0.244475113834319,NaN,0,0,0,0
1998-08-31,1998,8,-19.738952828326,-1.39554229594046,-2.27541102485125,-6.95310846323443,-3.08111664003983,-1.6271263843759,-1.47061473896954,0,0,-0.112549252173455,-0.106213499098295,-1.4485959551644,NaN,0,0,0,0
1998-09-30,1998,9,-8.23581005193645,-0.222140039515395,-0.692843418196443,6.95310846323443,2.95461440938114,-0.502857023936798,-0.867953371972341,0,0,-0.112676068258999,-0.106326432133041,-0.729646953615593,1.30781111070384,0,0,0,0
1998-10-31,1998,10,5.70386817091002,-1.41846349919561,0.807852056520186,-5.61619015502099,-3.73995875993813,0.0809846475359421,0.372902855986723,0.109709281437365,0.106439605578679,-0.565292630278869,-0.212992625782515,-1.51236562149126,NaN,0,0,0,0
1998-11-30,1998,11,6.90086236588794,-1.28643469130028,-1.38891121606672,2.10257417057509,-0.924098985372979,-1.68388948710607,-1.87857747389746,0,0.106326432133041,-0.454546237167452,-0.213447252863208,-1.53112784807696,NaN,0,0,0,0
1998-12-31,1998,12,-0.390130640635711,-2.54545173891341,0.465117117573133,-3.70903442095578,2.87601521752627,-1.91099145061813,2.37362798988308,0,0.106213499098295,0,0,-3.06999926793026,-0.758853515964475,0,0,0,0
1999-01-31,1999,1,3.41100320510392,9.10397106808727,1.61108202726981,6.14974645617927,-1.42766863566832,-58.2203573451594,-0.743497848751851,-0.660068403135217,-0.63897980987706,-0.571103779551407,-0.321027563024856,8.90559452919071,NaN,0,0,0,0
1999-02-28,1999,2,-5.48180127478002,-11.9567794295411,-1.95971689521359,1.07290394922241,0.130633591405527,-6.42454529219023,-1.75663237178991,0,0.106780576082954,-0.114613193062318,-0.107238616175209,-12.58800405753,NaN,0,0,0,0
1999-03-31,1999,3,-0.792081737390582,11.3845318021345,0.580384681980028,-5.94874782765871,0.520834510713897,1.07749393428413,3.23814095030395,0.330578813449911,0.21321969698409,0,-0.214822853828966,10.9192049321624,4.3230051960105,0,0,0,0
1999-04-30,1999,4,9.6923833592097,-2.32231046110121,0.80692080484468,2.75970207296989,0.776200533548899,4.93552690840531,-2.10534091978323,0.657897109804306,0,0.457666702741211,0.107469112976499,-2.54519161013125,NaN,0,0,0,0
1999-05-31,1999,5,-5.59834086215876,0.0733944987075574,0.572411408388884,1.54343899928602,0.514139950041859,-1.4270477649843,1.24379712922176,-0.109349382137136,0,-0.114220457877678,-0.107469112976499,-0.0781740686372601,NaN,0,0,0,0
1999-06-30,1999,6,5.93506054727424,-0.441177186166364,0.114090143579126,-2.58579371373884,3.03053494953289,0.160921271136516,1.59414779976883,0,-0.106553020203837,0.228310601456805,0.107469112976499,-0.487107611315629,-0.167014616205208,0,0,0,0
1999-07-31,1999,7,-5.28060849864627,1.02640197274448,0.681820823177759,1.55948579579066,0.619964787952565,0.13442956208074,0.606429996751068,0.218579321998025,0.319319057915557,0.341491510006975,0.214592357027676,0.884370269780987,NaN,0,0,0,0
1999-08-31,1999,8,3.25693036077546,-1.32160513915256,1.0140931976049,-3.74427974837763,4.35377102986818,-1.73967161264805,0.602774579751753,0,-0.106326432133041,0.113571846392713,0,-1.48039823107524,NaN,0,0,0,0
1999-09-30,1999,9,-2.32127461634679,0.0738825301431767,-0.449438958783954,-1.96018442415946,-1.55041865359653,2.00786389955052,1.78682538308461,-0.109229939860889,-0.212992625782515,0.113443007061154,0.107123738149895,-0.455833128455652,5.10406842349163,0,0,0,0
1999-10-31,1999,10,7.03919056687603,1.02866447102761,1.00841190666259,1.15372844048638,0.718565966087414,-0.591541864043066,-0.473373665019938,0.218340698094366,0.212992625782515,0.226500663085272,0.213903824874961,1.0253677482547,NaN,0,0,0,0
1999-11-30,1999,11,6.492532050218,-1.69558061465569,0,-7.6394400088061,1.30410858292649,-1.77709001612172,0.118553659410203,0.217865009922225,0.212539931231337,0.225988796743692,0.213447252863208,-2.0658665243154,NaN,0,0,0,0
1999-12-31,1999,12,16.5631271201701,0,0.111420624340397,3.64716862039502,0.470036118033157,0.292963027764337,2.34202742080987,0.10875476873986,0,0.112803170449904,-0.106666676780254,-0.410195824488646,4.22459707468796,0,0,0,0
2000-01-31,2000,1,-1.77679528135233,0.148588437442498,-0.782564083139015,1.6713480973741,-3.82364380392506,2.72011162641181,-2.46058108022007,0.108636621222047,-0.106213499098295,0.449944516122969,0.319659302562769,-0.575658737736262,NaN,0,0,0,0
2000-02-29,2000,2,11.1848686011589,5.83949664891659,2.43914531241591,-2.37607264891437,5.79701021962009,3.28670155751034,2.34477330815723,0.108518730128715,0,-0.224719195690515,0.106326432133041,5.88951343824959,NaN,0,0,0,0
2000-03-31,2000,3,-0.592495119801839,-5.98808508635909,0.109469085918157,3.61150359900781,2.27282510775559,-2.6179805375925,1.15208647561751,0.216684808509005,0,0.112422721228089,0.106213499098295,-5.8403532570054,4.66465763919608,0,0,0,0
2000-04-30,2000,4,-2.4606156310881,-0.821206556036991,1.19631660582753,-3.04732720834107,0.89486055760144,-4.97594150022582,0.571103779551407,-0.108283713883139,0,0.336511815031404,0.317965291737998,-0.831685428581252,NaN,0,0,0,0
2000-05-31,2000,5,-4.20060243650866,0.224635062637368,2.35053556736524,0.280899061105533,0.333518930613774,2.03585212800483,2.58586639732208,0,-0.106326432133041,0.446928118229639,0.316957476127921,0.0642219532702271,NaN,0,0,0,0
2000-06-30,2000,6,-3.01938662604719,-4.35682201882805,-2.24248585398987,-5.77360907695681,2.08684124347487,-5.64188551130211,0.663719250679939,0.324500014332685,0.106326432133041,0.333890126551495,0.105429635490584,-4.36416531617638,4.45139688399507,0,0,0,0
2000-07-31,2000,7,4.14806950378388,1.01050218581946,1.71310399301836,0.592594326754714,0,-2.20195776072423,0.220264406234172,0.107933091967549,0.212314304807748,0.664454271866877,0.210526393546218,0.944023945832484,NaN,0,0,0,0
2000-08-31,2000,8,0.362052221430176,0.0773096288988917,0.950878796902721,-5.8549597439681,0.433840159859766,1.85574979528287,1.52841403253738,0,-0.106100805709453,0.440529346791596,0.210084110881237,-0.083553298569683,NaN,0,0,0,0
2000-09-30,2000,9,-5.97170486771681,-2.26660738992255,0.10509722459755,3.76533147132685,-0.433840159859766,-1.40692736824306,-0.21691982475458,0.430571171121219,0,0.766287274556987,0.209643682652771,-2.16424996402473,-0.199451512484572,0,0,0,0
2000-10-31,2000,10,4.02661314824453,-2.64332570681551,-0.315623618143768,-0.529301802849336,0.217155351350762,-2.89773494918464,0.325203538637719,0.214592357027676,0.317965291737998,0.435256399884132,0,-2.62779655079406,NaN,0,0,0,0
2000-11-30,2000,11,-10.4947060037444,4.13413401564409,0.734911444147368,-0.0758437654861943,0.324851395583181,2.07108794957058,0.539666717215503,0.107123738149895,0,0.649352931054814,0.313643749012993,3.83859941648819,NaN,0,0,0,0
2000-12-31,2000,12,0.957059818053096,-0.46838493124266,0.729549874672397,4.16107577198419,1.60861377516239,0.983562830263018,0.322407587175277,0.213903824874961,0.527705710084359,-0.107933091967549,0.104329691257821,-0.605980847087473,0.319074700337296,0,0,0,0
2001-01-31,2001,1,5.46718807322115,-3.17991816929384,-0.312012733624378,-4.38895281704292,-3.4635496662756,1.26078192807189,-0.214822853828966,-0.213903824874961,-0.210748233956437,0.323450416765958,0.208333408685402,-3.68204855077643,NaN,0,0,0,0
2001-02-28,2001,2,-9.0330191317868,2.63068179449126,1.13931838294432,0.455235991045999,0.549150199367521,1.32051154218864,1.38816964861554,0.533904097942006,0.315956029036801,0.107584733346311,0,2.23602947692001,NaN,0,0,0,0
2001-03-31,2001,3,-6.28690221750379,-8.70829051896527,-1.66151278105948,-1.06545908981035,-0.880093689504235,-5.45259865073788,-0.745080615586513,0.106439605578679,0.10509722459755,0.214822853828966,0.207900282783324,-9.22637584077943,4.04604798419506,0,0,0,0
2001-04-30,2001,4,7.18918782012423,-0.948691893175635,-1.79613914745058,2.86595784117178,-3.48545680443912,-4.93505890749315,-1.29034048359085,0.31864073694079,0.209863665692112,0.428266179200065,0.103788281241979,-1.43580899568647,NaN,0,0,0,0
2001-05-31,2001,5,-2.28057394211376,5.06865245513985,1.06045532487977,3.29097340887978,3.15341444070887,4.09669386365703,0.539666717215503,0.528821962156467,0.313972000466745,0.213447252863208,0.103680672844053,4.40137070472773,NaN,0,0,0,0
2001-06-30,2001,6,-1.06521779260742,-0.495459312468327,0.526040139918038,0,0.221484032955299,-0.169351878662383,-0.215517324798409,0.105429635490584,0.208768343048416,0,0,-1.39039055759067,0.315612995958148,0,0,0,0
2001-07-31,2001,7,-3.3089773719496,-1.24949563968446,-3.09028320125186,-10.057581753449,-3.14632694557853,-0.865841775700638,-2.07091869645613,-0.105429635490584,0.208333408685402,-0.427351077738169,-0.207468954086032,-1.86111905870927,NaN,0,0,0,0
2001-08-31,2001,8,-12.1971625769678,2.56530409743556,2.77499129529026,3.8241101246129,1.13508596686893,0.350713326158747,2.93021506873936,0.105429635490584,0.104004169541394,0.107009105984446,0.207468954086032,1.3048173914644,NaN,0,0,0,0
2001-09-30,2001,9,-18.5872463927224,-0.655740054615883,-1.37787023561646,-5.18576512372935,-3.44465744633391,-2.8986233793086,-1.07527917762615,0.105318598465853,-0.104004169541394,0.106894718890516,-0.103680672844053,-1.221958875702,-0.71047976050238,0,0,0,0
2001-10-31,2001,10,5.66232353052953,0.410341158459193,-1.72232459831152,0.643089033029032,-1.17510165355181,-1.078410866082,-2.18587938124992,0,0.311688564025303,-0.966191091173751,-0.103788281241979,-0.24123385524728,NaN,0,0,0,0
2001-11-30,2001,11,9.02861146045275,-1.81823190831905,-1.3114942077828,3.07716586667537,0,1.1418245795964,-1.11112254250711,-0.105318598465853,0,0,0,-2.50900218324812,NaN,0,0,0,0
2001-12-31,2001,12,3.35380733508046,1.32562007471346,0.657897109804306,-7.83606214905515,4.39377030314203,-0.525576001651196,0.445931619676543,0.210526393546218,0.414079266603196,-0.107933091967549,-0.10389611324193,0.484198352944354,0.986436998077167,0,0,0,0
2002-01-31,2002,1,-1.02244205320652,-2.50013022054167,0.544960476756451,4.3574505405136,-2.05721540752091,2.8617741824954,0.775627157135883,0.210084110881237,0,0.107933091967549,0.207684394483909,-2.66602179596429,NaN,0,0,0,0
2002-02-28,2002,2,-1.35080163931018,5.26004565563456,0.217155351350762,4.40669251598882,-0.579040413470455,1.78323939444827,-0.110436234305311,0.314300939719914,0.309438101474768,-0.107933091967549,-0.207684394483909,4.85781283937907,NaN,0,0,0,0
2002-03-31,2002,3,6.86734417570793,-3.91886880455941,0.216684808509005,7.34479061231559,1.95520892073864,-2.66241076148432,-0.332042363730256,0.208986491945851,0,0.323450416765958,0.207684394483909,-4.27866281662723,-1.61903572635005,0,0,0,0
2002-04-30,2002,4,-6.8252795311972,-1.76401046202725,0.108166587074177,-8.66212853131403,0.341103230106299,-0.265895496854895,-0.221975673831309,0.104329691257821,0,-0.323450416765958,0,-2.13823842522505,NaN,0,0,0,0
2002-05-31,2002,5,-4.52230593783476,-1.62327357618191,-0.977737283829505,-6.44345223854623,2.68773177637467,-3.01670426854148,-0.222469502211098,-0.104329691257821,0,0,0,-1.82428687424849,NaN,0,0,0,0
2002-06-30,2002,6,-9.47880862863872,-1.30040844232067,2.79889099022324,2.22139944708823,-0.88790816411306,-1.63000332271857,0.555248511478545,0,0,0,0.207253960197296,-1.67734385102953,0.869565559847629,0,0,0,0
2002-07-31,2002,7,-16.9262414143372,-1.31754211585644,-1.92932029346791,-3.14075402107354,-1.45987994211518,-0.413321470238159,-0.332779009267448,0.208550649102168,0.308483535120985,-0.108049713375369,0.103466124077567,-1.64552103704168,NaN,0,0,0,0
2002-08-31,2002,8,0.345337187984107,1.66597452411752,2.2472855852059,-2.37904168366354,2.12654907793413,-1.97018608997741,2.73989741881149,0,0,0,0,1.44681434949412,NaN,0,0,0,0
2002-09-30,2002,9,-29.3326910894897,0.433840159859766,-1.17084892649002,4.04435910344283,-1.45010906907999,-0.498990617544237,-0.759634689193511,0,-0.205549918209602,0.108049713375369,0,0.383968898364984,1.45820152624516,0,0,0,0
2002-10-31,2002,10,12.9809747935647,-2.80966682174499,-0.860220358266339,-5.34251666735805,-0.450451212110448,-0.774657406990364,-1.20549405053536,0.104112450841054,0.102827772556591,0.21574981400212,0.103359182328333,-3.06000047362271,NaN,0,0,0,0
2002-11-30,2002,11,5.17543475307818,1.4147008708739,1.81920479872781,3.67719924757877,1.56778127192299,0.919505481787652,0.987391455899367,-0.208333408685402,0,0,-0.103359182328333,1.169988049433,NaN,0,0,0,0
2002-12-31,2002,12,-13.7895101857376,-5.04157164461922,-1.81920479872781,-0.168067266451732,-3.50516380589188,-4.111571281069,0.326975768155702,0.208333408685402,0.205338881184236,0.430108189939116,0.103359182328333,-5.0971975513983,-0.748142168188792,0,0,0,0
2003-01-31,2003,1,-5.13545447890387,1.82987722525123,0.860220358266339,-4.38402820045063,2.83626499081224,-2.75808419978478,-1.75635689387024,0.415369236869356,0,0.96103248997883,0.206398422085119,1.6705537569301,NaN,0,0,0,0
2003-02-28,2003,2,-7.58756916783803,-5.68917969401905,0,0.438404910853496,-0.223964259350495,1.44491014901664,0.110680697519161,0.207039411430809,0.102511541524564,0.318302656012115,0,-5.93475812504209,NaN,0,0,0,0
2003-03-31,2003,3,-4.95703613051495,9.5135674961373,-0.214362354325104,-2.48019799005919,-2.15305767404068,5.70462789366335,0.551573378530179,0.309757604413452,0.306905611741737,0.105876134824179,0,9.38799895047122,-2.21322568398321,0,0,0,0
2003-04-30,2003,4,19.3737746860205,-0.876429799358824,-0.430108189939116,-0.179533261867437,0.228833051801214,6.62502212722487,0.439078641749013,-0.413223728491019,-0.102197249569258,-0.424178790836294,-0.103145960666229,-1.05233430356506,NaN,0,0,0,0
2003-05-31,2003,5,1.37189708881884,-2.04542480055521,-0.757169653089385,-2.82478918691176,-2.31224174208542,-5.90917778632196,-2.32697480149593,-0.103573287353242,0,-0.21276603771172,0,-2.47475853330688,NaN,0,0,0,0
2003-06-30,2003,6,7.6739289354558,1.69269074875835,-0.435256399884132,1.19431828441741,3.78702740554093,-1.98505596044178,-0.449438958783954,0.310398593759142,0.306278953054573,-0.106553020203837,-0.10325246141889,1.60118693906952,-0.594913599326574,0,0,0,0
2003-07-31,2003,7,7.97269065256163,0,2.37080069517974,4.90075791066946,-1.13251493570532,2.08653455704795,3.32256476283206,0,0,0.319319057915557,0,-0.136879056065808,NaN,0,0,0,0
2003-08-31,2003,8,-0.0940855469513835,-2.77671220404487,-2.47991145341322,-7.02358797265488,0.341103230106299,-0.952424096569082,-3.2100155106586,0.206398422085119,0.10188487891023,0.212314304807748,-0.103359182328333,-2.99995568289138,NaN,0,0,0,0
2003-09-30,2003,9,-6.76085567398612,0.362647722917409,-0.328048407916182,1.38955454904623,2.0225408535441,-2.57922395448986,1.22975278104063,0,0.101781179270066,0.105988351204367,0.206611643747223,0.290766163654155,1.94011763669657,0,0,0,0
2003-10-31,2003,10,11.5627929528188,-1.00046309699273,3.02072589904112,0.641909586071687,1.21615650392748,1.07115110366536,1.10498361865847,0.308801068857623,0.203252102492257,0,0,-1.17843475708508,NaN,0,0,0,0
2003-11-30,2003,11,2.43083276581135,-0.549955556603798,0.951884500920652,0.546947580453594,0.438597194325485,0.428987728663088,1.20154367444112,-0.205761389467973,-0.203252102492257,0.317292704057692,0.206185640055878,-0.647393070216573,NaN,0,0,0,0
2003-12-31,2003,12,5.68709418875954,2.63053716533124,0.420168685370026,-4.3666946652487,2.3784905023442,-2.04664987743737,2.57248912384362,0,0.203252102492257,0.210970542384992,0,2.29510737808027,1.45877644310772,0,0,0,0
2004-01-31,2004,1,2.32919255381123,-5.90032869352255,-0.842110239640892,0.473710028426932,-2.26914112020706,0.985274432972361,-3.11685628196123,0.616018375145799,0.304105657577924,-0.740352403356503,-0.206185640055878,-5.82896041724688,NaN,0,0,0,0
2004-02-29,2004,2,-1.00140462012739,4.18471099355004,0.63224657394878,9.89125509699278,0.870516922733078,2.02356827578853,2.26669175642913,0,0,0.106100805709453,0.206185640055878,3.82009801258167,NaN,0,0,0,0
2004-03-31,2004,3,-4.10121816684015,-0.182315456151461,-0.738010729762273,-12.6705427554123,1.50540477355694,-2.21533610873426,-0.320684400957916,0.204499048772711,0.303183658212003,0.317628641842038,0.411100270652209,-0.57849159945853,1.10041334875604,0,0,0,0
2004-04-30,2004,4,3.27781158462699,-3.43421219065547,1.47061473896954,0.870832789178433,1.27255163715061,-2.73737664215652,1.90885965625229,0.407747761665611,0.302267232658604,0.421941554270866,0.307219903697042,-3.63163244014579,NaN,0,0,0,0
2004-05-31,2004,5,-1.61387381189027,0.471032430018337,1.03735370073279,-6.77549922284051,0.420610504427454,-1.44021369833869,-0.10509722459755,0.203252102492257,0,0.524935588614373,0.102197249569258,0.199894082485308,NaN,0,0,0,0
2004-06-30,2004,6,3.29394626070112,-1.32452267500209,-0.621120009264065,4.82991256130392,-1.05486210207451,0.637608116906563,1.15003881203162,0,0.100553050201846,-0.104766903244347,0.10209291341079,-1.78221200182964,0.313848584167076,0,0,0,0
2004-07-31,2004,7,-3.95404176045986,0,1.23840591997215,-2.99124993625997,1.05486210207451,-1.85832700336697,0.414938354681205,0.101471343054627,0.100452042600541,0.52274034351516,0.508906950747079,-0.0777971172414738,NaN,0,0,0,0
2004-08-31,2004,8,-2.87489483535719,-1.53553880831945,-1.03093696588612,1.60646025038069,-1.90683743655153,-0.620007128328304,-1.14524937317881,0.303797702007724,0.100351237724006,0.416233691468726,0.101471343054627,-1.85074356159003,NaN,0,0,0,0
2004-09-30,2004,9,2.80529987800957,-0.193610902686636,-0.311365067327962,-0.0996512289739293,1.80185055026785,0.389165005526415,0.937995412981518,0,0,0.207468954086032,0.202634314523298,-0.483810069167134,-0.58866824458228,0,0,0,0
2004-10-31,2004,10,1.7152798593207,-0.485673611294946,1.23968529768286,0.497266066937829,-0.63224657394878,-0.743147070361339,-0.103788281241979,0.202020270727576,0,0.928320230354895,0.202224538076745,-0.804073793649884,NaN,0,0,0,0
2004-11-30,2004,11,4.10012600622363,-0.585939176389338,-1.65635256716747,-4.46321540207686,-1.81338302380389,-2.05884149931812,-0.625002034517141,-0.202020270727576,0,-0.102722145653011,0.201816415623757,-0.72682343184205,NaN,0,0,0,0
2004-12-31,2004,12,3.10401525328263,1.65132455611685,-0.418410652257339,6.81626514309626,6.35962043147966,1.5472416937957,1.55524130074847,0.302877566216075,0.100250634962595,0.3078504227088,0.502766267696497,1.49035734557774,-0.0392753694654857,0,0,0,0
2005-01-31,2005,1,-0.0289035389346992,1.33973295718217,2.79087881170765,-12.3613955967176,-2.66136485180901,-1.94881297352278,1.22700925918142,0,0,0.408998525152526,0.300450902029947,0.811852143657887,NaN,0,0,0,0
2005-02-28,2005,2,2.2229004429434,-12.3263807150353,-1.54086253528449,-0.991743665734646,-1.67367923555233,-8.99772528018143,-2.26114463865468,0,0,0.305654848254822,0.199800266267225,-12.3989585740087,NaN,0,0,0,0
2005-03-31,2005,3,-0.0395485126825079,-5.29925301405108,1.33678083179918,7.56887502255497,1.88093319574962,-8.88698792157872,2.36271905063825,0.402415029972492,0.200200267067352,0.406091928631547,0,-5.37960000624285,0.549504551143443,0,0,0,0
2005-04-30,2005,4,-3.84246169421409,11.5512887121844,0.813839690297158,-4.30061027951911,-1.14524937317881,15.3581554642212,-1.2257558986084,0,-0.100050033358379,0.606062461169099,-0.199800266267225,11.2098973252165,NaN,0,0,0,0
2005-05-31,2005,5,6.38215512792346,1.50378773645405,-1.01833873906987,5.92997422812918,0.937995412981518,3.32316683125384,0,0,0,-0.201612971518461,-0.300450902029947,1.32269081517897,NaN,0,0,0,0
2005-06-30,2005,6,2.77792056466701,0.198807222538644,2.0264117919055,0,3.76634847046748,0.0435452837036721,1.52986155618633,0.200601872686601,0.100050033358379,0.40282028286045,0,0.11831987181985,2.30751067692374,0,0,0,0
2005-07-31,2005,7,6.34071097178417,0.988150332999727,1.29548398734673,1.50378773645405,1.78222539075046,0.601165801929149,1.10720809006857,0.200200267067352,-0.100050033358379,0.601204215662765,-0.100351237724006,0.767858578403136,NaN,0,0,0,0
2005-08-31,2005,8,-1.16940296027597,-0.49285462011488,-2.81143014808398,5.13927919250685,-2.38342960641322,-1.944106023881,-0.804024431856565,0.199800266267225,0.100050033358379,0.299252093645475,-0.100452042600541,-0.683221636624154,NaN,0,0,0,0
2005-09-30,2005,9,4.34409604633572,-1.29290711988572,2.91039106660058,-2.39131432986062,3.0680288572122,2.54554445125343,2.68806627804796,0.398406901487469,0.0999500333082715,0.3976148379639,0.301053915287142,-1.55231034557044,2.75930168762706,0,0,0,0
2005-10-31,2005,10,-2.30729380778634,2.8615667366557,1.76475168135779,-3.34676904710847,0.969939708871337,-2.31728599292875,0.392157365318191,0.0993542058878027,0,0.692044284457349,0.300150300375623,2.72544213376804,NaN,0,0,0,0
2005-11-30,2005,11,5.22382762129823,-2.8615667366557,-1.07475387235816,4.40599897940306,1.15164420615592,1.25070788072126,0.488043916490888,-0.0993542058878027,0.0998502329589535,0.196850457267228,0.199600864671545,-2.92415501464944,NaN,0,0,0,0
2005-12-31,2005,12,4.05388014484593,1.39167256001294,-0.591134726305675,6.13005258637953,-0.766287274556898,-1.73117364711413,-0.194931835604972,0.198609797162952,0,0.588236990306701,0.199203253124036,1.21573075571639,0.851146466814612,0,0,0,0
2006-01-31,2006,1,4.79933839014404,-5.06180924505575,0.591134726305675,-12.7628642263597,1.43200537747488,-4.80327052972243,0.0975134158205826,0.0991571722295248,0.0997506317125918,1.06952891167476,0.0994530166508412,-5.19178965521174,NaN,0,0,0,0
2006-02-28,2006,2,2.12541773322332,0.207468954086032,0.587660848898519,3.71715321083457,0.378429969123939,-1.87797298184549,1.93056188941538,0.198019866686217,0.0996512289739293,0.674701354659479,0.198609797162952,0.044783841503282,NaN,0,0,0,0
2006-03-31,2006,3,2.95854082402833,-5.86835018280905,-0.489477237672808,-0.593473551981472,-0.948773720510943,-5.75658848394678,-0.575265248945023,0,0,0.383509578394214,0.0991571722295248,-6.13466672053811,3.38658940393763,0,0,0,0
2006-04-30,2006,4,0.664612763186945,14.595391262308,1.84740305031088,3.70051959935545,2.91237117219687,14.0874754914588,2.65670273847221,0.29629651306573,0.0995520241501069,0.85755647023964,0.494316379751947,14.2962939326349,NaN,0,0,0,0
2006-05-31,2006,5,-5.41937343491465,2.7167947272452,2.0973123380279,2.82770960968612,0.0925497520942287,8.74188471370143,0.839165763624816,0.0985707324758778,0.198807222538644,0,0.197044398729851,2.58864587024519,NaN,0,0,0,0
2006-06-30,2006,6,-0.167891413519428,-0.742118433761707,-0.85268162291614,-5.24679225570646,-0.463607691747825,-2.96996169023664,0,0.0984736662539731,0,-0.0949216967332411,0,-1.04956744067621,5.85840238937223,0,0,0,0
2006-07-31,2006,7,-0.023577843641398,2.57367146440499,1.41712338488382,3.65425274367412,2.11502136818922,1.26950805381547,0.832182333749198,0.0983767910132549,0.0992555912751492,0.568183346743112,0.588814262522241,2.3486179777894,NaN,0,0,0,0
2006-08-31,2006,8,3.0778150594637,-0.820050153632135,1.0266072430599,-0.948773720510943,3.22319755118814,1.30952019047132,0.642498768265831,0.0982801061907956,0.0991571722295248,0.282885620047768,0.0977995187977143,-0.955773848714614,NaN,0,0,0,0
2006-09-30,2006,9,2.44046965885332,0,0,-2.90155751735721,-1.95735786399585,1.86876193389622,1.0919125775315,-0.196656897204051,0.198019866686217,-0.18850146957714,0.195312562088201,-0.468144899306644,3.64647043886244,0,0,0,0
2006-10-31,2006,10,4.31231899529667,-0.274851295334955,-0.372093452569011,-2.28297756381268,-0.902533202204214,-2.2147715587705,0.361337339851353,0.294840508429761,0.197628522821169,-0.0943841504706278,0.292255444260192,-0.184813398072947,NaN,0,0,0,0
2006-11-30,2006,11,0.640321272934585,3.51545889264733,1.84677455458404,5.56512545493772,0.632627505287697,4.46018283032412,1.96434887657535,0.098087305559158,0.0986679902445609,0.282885620047768,0.194363520857088,3.36966107438545,NaN,0,0,0,0
2006-12-31,2006,12,4.45955703277523,0.530036576584081,0.456413389293697,-5.36452358225112,0.269905696916517,10.9343842808238,-1.0666767804195,0.195886448533322,0.0985707324758778,0.282087634164174,0.193986481782638,0.327587425761422,3.98420794557985,0,0,0,0
2007-01-31,2007,1,2.87169760704433,1.39984788063794,0.454339718402696,10.8162198499063,2.04542480055521,-14.4433485821722,1.68369063743503,0.488043916490888,0.491401480242892,-0.0939408241936057,0.193610902686636,1.32221226548719,NaN,0,0,0,0
2007-02-28,2007,2,-1.09104937027134,-0.435351144719753,0.722677038612751,-5.45169626765523,3.11983708558614,4.1582325784276,0.613230130206421,0.0973236086552198,0,-0.0940291559642148,0,-0.477334204303403,NaN,0,0,0,0
2007-03-31,2007,3,2.95771116797496,-1.05264129869873,0.717491867229558,3.54514736990952,-0.341880674878592,-5.45235173235117,0.956113324398267,0.194363520857088,0.195886448533322,-0.0941176540063537,0.193236775105365,-1.19801943617812,1.29467907913678,0,0,0,0
2007-04-30,2007,4,6.86914911781873,-6.74822971815852,-1.25900943600721,-0.183486290011015,-0.773532004842092,-2.77808402218582,-1.13093854375119,0.484262447578754,0.390625496706498,0,0.289156827979919,-6.6600467305113,NaN,0,0,0,0
2007-05-31,2007,5,6.20356743776505,0.751883241402762,2.23722977545329,-2.0408871631207,3.1425091170826,0.517965699163803,2.24922976772577,0,0.0974184197843897,0.282087634164174,0.192307751574194,0.73771472145534,NaN,0,0,0,0
2007-06-30,2007,6,1.56424801200732,-1.03530336499027,-0.354610300675073,-6.08589510500783,4.3360575615,-0.579455790837891,-0.859111813231728,0.0965717119958853,0.0973236086552198,0,0,-0.962256017669105,1.29050211029238,0,0,0,0
2007-07-31,2007,7,-5.42968585806634,1.50237567604607,0.619745232837055,8.12678226812853,-5.51353121595337,1.18327186494227,0.602152357068597,0.192864090640565,0.0972289818938599,-0.187969980157821,0,1.54711541923103,NaN,0,0,0,0
2007-08-31,2007,8,0.709879271717995,-0.279981517474681,0.615928036053504,-8.22643349710246,0.674538813953163,0.740568779321293,0.171379647773495,0.0962927373393541,0.194174818291071,0.0940291559642148,0.191938638580336,-0.302675281696452,NaN,0,0,0,0
2007-09-30,2007,9,2.88206347048447,0.093414299179706,0.873367996875452,0.596423239167354,-0.505477066162463,0.734522467436349,1.27607005902144,0.38424639015453,0.19379851026784,0.281558140016358,0.0958313441811853,0.153583647936806,3.18989728491132,0,0,0,0
2007-10-31,2007,10,1.98625169174118,0.558660670863986,0,18.4960951265834,3.81156329225121,-1.74738643754573,0.589972212718859,0.287218962409597,0.386473910988894,0.374181914599525,0.286944242795251,0.585149125359408,NaN,0,0,0,0
2007-11-30,2007,11,-1.87170506161447,-1.87446912861509,-0.174064447778388,-8.23793179043992,2.33035856778843,-0.349157713141857,-0.421053253634351,0.761908447643922,0.288878390589087,1.20651115518431,0.286123228103197,-1.9212297668922,NaN,0,0,0,0
2007-12-31,2007,12,2.4697174648745,4.53151962120426,0.694447235281093,-7.23206615796261,-1.44002488397401,-3.11533575041274,0.0843525988439175,0,0,0.0922083974968402,-0.0952834755271859,4.62083835049309,0.54742036736144,0,0,0,0
2008-01-31,2008,1,-16.3317217035353,8.24046399977032,1.20379785594791,16.4536124360739,-1.46106495174347,12.6992344494727,3.23545434211567,0.284225676892991,0.192123017789392,0.643089033029032,0.380590373767831,8.02542332816145,NaN,0,0,0,0
2008-02-29,2008,2,-1.52386819712316,1.15895336946652,0.170794234515625,-15.4966673344588,0.0817327385099098,15.1790580583929,-0.0816659906556438,0,0,0.456830397038033,0.379147373626232,0.935949690612681,NaN,0,0,0,0
2008-03-31,2008,3,-3.2097622827493,-9.94338969881863,-0.427533785040257,2.25998319172414,-1.48150857851403,-13.9228836812824,-0.491401480242892,0.471921593164648,0.287494208559913,0.636076656181039,0.377715274374513,-10.2874357749386,6.29592373544448,0,0,0,0
2008-04-30,2008,4,6.14040463611101,-5.80143950606287,-0.0857265376118299,-0.0931532438111837,0.413736626596162,-3.79298574688445,-0.164338574372991,0,0,0.722024797348642,0.188323972796489,-6.23504643773209,NaN,0,0,0,0
2008-05-31,2008,5,2.10707389718721,1.81389221444039,-1.46870890616819,-6.24902939993843,-2.25479281091419,0.162753626110756,-1.15799474309597,0.375940292390542,0.0956480225957179,0.806094826163228,0.375587295980573,1.57879817837063,NaN,0,0,0,0
2008-06-30,2008,6,-10.0486200840304,-0.284225676892991,0.693844934492116,-0.298062813813793,-3.00065375951952,-2.00645023160533,-0.33333364197583,0.281030629925549,0.0955566245668393,0.799648863422675,0.187265972329165,-0.499046118070723,-2.26813082403545,0,0,0,0
2008-07-31,2008,7,0.949624213717826,-1.5296665375474,-1.65581125074006,8.39386676833627,-1.40230168207491,0.707420104334844,-1.59868781380235,0.373483160565335,0.190839752576011,1.75443096509094,0.466636404376519,-1.8554287078846,NaN,0,0,0,0
2008-08-31,2008,8,-0.887633729731263,3.59546769958961,2.34487513135253,-11.5270184534004,2.44127206698854,1.02420766437472,3.17221924501565,-0.186567218294975,0.19047624806543,-0.348432408261079,0.186046565291953,3.2062984491775,NaN,0,0,0,0
2008-09-30,2008,9,-9.65843330249925,-2.0658011620422,-2.69698817121036,2.43419726689291,-8.25580706728468,-1.56931654928876,-3.00272767901655,0.186567218294975,0.0951022420704106,0.435351144719753,0,-2.33575075978987,-1.26565218825085,0,0,0,0
2008-10-31,2008,10,-15.6162889138708,-0.380228594973886,-2.13911899813182,-3.36251749724781,-6.77241323764912,-0.45479139050606,-0.679696754388637,-0.0932400999951177,0.0950118836319902,-0.0869187364586743,-0.372439909098254,-0.628713213133203,NaN,0,0,0,0
2008-11-30,2008,11,-6.59899189605042,-0.573067470898447,-4.42060925044956,-1.46140387935958,-7.15701925012517,-1.55944682779516,-5.34043738429482,-0.280243060570218,0,-1.31292914417926,-0.561273690495767,-0.85350302500018,NaN,0,0,0,0
2008-12-31,2008,12,2.96995663254158,2.55333020051642,-4.7237697553201,-3.74976978712596,-7.59293154836085,-3.63296382984384,-6.4059019809755,-0.281030629925549,0.0949216967332411,-0.618649785749881,-0.470146611180677,2.22472631061645,-9.90058792382662,0,0,0,0
2009-01-31,2009,1,-10.3244589752315,-6.16171777291861,-8.11950660198404,4.06473067741562,-6.59316023937446,-6.87829654239778,-8.60530635478183,0.0937646575963846,0,-1.2489011570775,-0.567109270381572,-6.23182752542419,NaN,0,0,0,0
2009-02-28,2009,2,-12.1048265739706,2.93563155109648,-3.48619181662189,-6.94422087221014,-3.14689277246378,9.62117161005231,-4.37870267788236,0.187265972329165,0.189573516489894,-0.540055318000032,-0.379867503321574,2.77546911147919,NaN,0,0,0,0
2009-03-31,2009,3,6.08171291625066,9.38187552176553,0.662985853866971,3.64077717766671,3.39441765131809,2.22715113077196,1.51682214731714,-0.187265972329165,0.094652160403097,-0.815591290360729,-0.47687262520828,9.23786933551654,-14.4013286608228,0,0,0,0
2009-04-30,2009,4,15.4968057650059,-2.66919760968154,-3.24594809161161,5.37820691396824,0.123533060799286,2.68632580966983,-2.28394919698234,0,0.0945626548007006,-1.46657074026315,-0.287218962409597,-2.65564566837906,NaN,0,0,0,0
2009-05-31,2009,5,3.53002385516934,-1.7281012127178,5.10088398272481,-1.03200090319895,4.11182469294724,-1.43370600373061,3.45980454079013,0,-0.0945626548007006,-0.092378759456313,-0.191938638580336,-1.85011966786206,NaN,0,0,0,0
2009-06-30,2009,6,-2.71169453603086,0.0917010609881252,0.539084863487638,-2.30860200341825,3.72135963404343,-1.40519807915389,1.16218952059857,0.374181914599525,0.283420123587508,-0.370370793748442,-0.192307751574194,0.158148678179693,1.76651592795061,0,0,0,0
2009-07-31,2009,7,10.3338355883546,-1.38442451113407,-1.18984637916144,6.17480070684469,3.03564624805936,-1.5419857624158,-1.05597602150027,-0.28050509276083,0,-1.58956128549601,-0.192678286969983,-1.34569139119858,NaN,0,0,0,0
2009-08-31,2009,8,2.45400465619703,3.73960583474711,2.15293568525752,-1.00301743599367,2.08226701396086,0.0105963735176573,1.89280098855189,0.373832211060687,0.0942951507870049,0.563911268777062,0.288878390589087,3.69688677261006,NaN,0,0,0,0
2009-09-30,2009,9,3.78060534997147,-2.1720310892662,3.5568602977742,-5.59731582786487,1.29312146722489,-0.332734568966586,2.36758356852844,-0.186741417479563,0,-0.187617315822752,0.0961076479550904,-2.23383382920055,2.90160669140072,0,0,0,0
2009-10-31,2009,10,-4.69332979557109,-1.19651680582731,-1.86727417052746,3.25146628845419,-1.94600735547121,-0.158672718811737,-1.12533156867274,0.186741417479563,0.0942063187901354,-0.282087634164174,-0.288600488913549,-1.16227877395705,NaN,0,0,0,0
2009-11-30,2009,11,3.82243710449348,0.738010729762273,0.937995412981518,-2.61384457452651,2.79889099022324,-2.08672077472496,0.717583807007127,0.0932400999951177,-0.0942063187901354,0.563381771825622,0.38461585874785,0.479364883804401,NaN,0,0,0,0
2009-12-31,2009,12,5.72493521895172,NaN,NaN,NaN,NaN,NaN,NaN,0.186219793106446,0.188323972796489,0,-0.0960153698343014,NaN,NaN,1,0,0,0
2010-01-31,2010,1,-6.03041926197427,NaN,NaN,NaN,NaN,NaN,NaN,-0.093066549295262,NaN,NaN,NaN,NaN,NaN,0,0,0,0
2010-02-28,2010,2,NaN,NaN,NaN,NaN,NaN,NaN,NaN,NaN,NaN,NaN,NaN,NaN,NaN,0,0,0,0
2010-03-31,2010,3,NaN,NaN,NaN,NaN,NaN,NaN,NaN,NaN,NaN,NaN,NaN,NaN,NaN,0,1,0,0
2010-04-30,2010,4,NaN,NaN,NaN,NaN,NaN,NaN,NaN,NaN,NaN,NaN,NaN,NaN,NaN,0,0,0,0
2010-05-31,2010,5,NaN,NaN,NaN,NaN,NaN,NaN,NaN,NaN,NaN,NaN,NaN,NaN,NaN,0,0,0,0
2010-06-30,2010,6,NaN,NaN,NaN,NaN,NaN,NaN,NaN,NaN,NaN,NaN,NaN,NaN,NaN,0,0,1,0
2010-07-31,2010,7,NaN,NaN,NaN,NaN,NaN,NaN,NaN,NaN,NaN,NaN,NaN,NaN,NaN,0,0,0,0
2010-08-31,2010,8,NaN,NaN,NaN,NaN,NaN,NaN,NaN,NaN,NaN,NaN,NaN,NaN,NaN,0,0,0,0
2010-09-30,2010,9,NaN,NaN,NaN,NaN,NaN,NaN,NaN,NaN,NaN,NaN,NaN,NaN,NaN,0,0,0,1
