date,year,month,financial_1,economic_1,economic_2,economic_3,economic_4,economic_6,economic_7,economic_8,economic_9,economic_10,economic_11,d_gdp,ind_backcast,ind_nowcast,ind_forecast1Q,ind_forecast2Q
1992-01-31,1992,1,6.64917079982965,3.82627057352884,1.20193754657842,5.34620775301757,-0.981087056425967,1.15441397468654,0.276243269590992,0.400802139753864,-0.505690078897381,0.118553659410203,1.03181798477463,NaN,0,0,0,0
1992-02-29,1992,2,3.5581770340543,6.04366695557559,1.65880580838991,7.35024619929261,0.281294137661448,0.857148105014094,0.275482267884453,0.399202126953746,0.505690078897381,0.236686501026639,-0.0882056508801021,NaN,0,0,0,0
1992-03-31,1992,3,-1.63981349686884,-3.20883145515003,-2.86074335496833,-3.02620866083894,-0.84626739187339,-1.43268926207618,0.411805660891762,0.397614837963989,0.251889301948349,0.471698987813873,-0.918163803409833,6.42004450405587,0,0,0,0
1992-04-30,1992,4,0.565221857606968,-1.64387263431598,-0.12099215027126,-2.10904126576601,-3.01963992310164,0.288184637488875,0.54644944720792,0.396040121609698,0.376648279547709,0.235017734495369,-1.00374847781879,NaN,0,0,0,0
1992-05-31,1992,5,4.42970296902772,1.02081765925233,-0.729043326267931,-1.97315818625956,-2.2141125877214,-0.577202179712177,0.272109011436061,0.263158046605572,-0.12539186595939,0.234466695925395,-0.579973271533696,NaN,0,0,0,0
1992-06-30,1992,6,-2.88734238118158,-1.02081765925233,-1.47422817372034,2.73989741881149,-2.26424767497591,-1.01819061451192,0.271370587159581,0.393443130483462,0.375704887771189,0.233918235317176,-1.54355208911783,-2.72463744660101,0,0,0,0
1992-07-31,1992,7,-8.71444940741943,-2.80130362276738,-2.00006667066699,-4.75277416187287,-2.31670592815352,-2.06802052375394,0.135409634772987,0.130804466001511,-0.250313021811799,0,-1.48111673435825,NaN,0,0,0,0
1992-08-31,1992,8,-5.00477360739229,3.43073134990615,0.503779402995708,-0.556071868469665,1.08781181471835,0.298062813813793,0.135226525001375,0.130633591405527,0,0.116754245603801,0.64407114849292,NaN,0,0,0,0
1992-09-30,1992,9,-3.99245081358881,-0.235571369245946,-1.01010959865038,1.47604155831207,0.61633477076688,1.03627870355467,0.135043909787136,0.130463162666494,-0.12539186595939,0,-1.44664367472336,-1.09507285916663,0,0,0,0
1992-10-31,1992,10,1.32377677623028,-1.66472334331562,-0.126984144047615,1.57483569681389,-5.85147140614275,-1.7831081643072,0.538359308347225,0.52015721960732,-0.125549294583216,-0.23364496610192,-0.457666702741211,NaN,0,0,0,0
1992-11-30,1992,11,3.65402059597111,2.05703455656279,-1.53652190640559,-0.180451176785912,0.972454989199534,-0.60150557297618,0.268096675325769,0.388350002639815,0.125549294583216,0.11689072049812,-1.49520251896682,NaN,0,0,0,0
1992-12-31,1992,12,-0.433912301743078,7.02971627896316,-1.69164736667007,10.0713975601831,2.23294763980881,1.34833503372871,0,0.258064659349166,0,0,-0.963266014356989,-0.898203970233169,0,0,0,0
1993-01-31,1993,1,2.28831364268789,-6.71697169254362,-1.05541876786903,-6.05905995318352,-1.75024356497726,-5.0353886145615,1.46182005095543,1.28042722459876,-0.125549294583216,0,-1.35734517013821,NaN,0,0,0,0
1993-02-28,1993,2,6.51601226009078,0,-1.46963232901971,-2.57776428968288,-2.93180607566113,-0.156617103274481,0.52631700442749,0.507615303186082,0.250941160542606,0,-2.56970414519646,NaN,0,0,0,0
1993-03-31,1993,3,-0.189466046517239,3.6033028139645,0,4.46839637096632,-2.17218231468355,-0.156862777262656,0.131147559781031,0.252844635335858,0,-0.11689072049812,-0.547986085390217,-3.56271564316977,0,0,0,0
1993-04-30,1993,4,-3.02777405998427,-0.301659353942618,-0.81081525284219,-1.94848571321238,0.337268447863881,0,0.522877008279909,0.378072283990605,-0.250941160542606,0.11689072049812,-0.740206572710367,NaN,0,0,0,0
1993-05-31,1993,5,0.0233558906110432,0.527308189815834,0,-2.51991065775394,2.16494716968532,-1.58231149392423,0,0.251256413588319,0,-0.233918235317176,-0.951412328864532,NaN,0,0,0,0
1993-06-30,1993,6,4.43083241989832,-1.28546193505557,-0.680737822802513,0.237107402133852,-1.49380371088661,-0.319489089651892,0.52015721960732,0.500626827814443,0,0,-1.3026607121323,0.251936772200878,0,0,0,0
1993-07-31,1993,7,6.9346671532708,-1.61108202726989,-2.34979712673047,5.13524992660495,1.16377040802096,-0.803217169726445,0.12961764614472,0.124766079815508,0.125549294583216,0.233918235317176,-0.492906151053152,NaN,0,0,0,0
1993-08-31,1993,8,5.79717610646,4.1656912700395,4.37826424388099,-1.41605311526156,-0.497101272202016,3.17486983145798,0.258732356495095,0.497513464011412,0,0,1.09453458586337,NaN,0,0,0,0
1993-09-30,1993,9,-1.12699814612229,-1.34430702564527,-0.53691404150582,-2.83501775319728,3.90929257912767,-0.469852078155419,0,-0.124146508806522,-0.377121754307908,-0.233918235317176,-1.54474919790326,2.8109037746713,0,0,0,0
1993-10-31,1993,10,7.78968882637505,1.19582889888736,0,9.08186740180277,-1.12450984155021,-0.629923342798655,0.386847677792002,0.495663963992854,0,-0.117164629689093,-0.112871075604737,NaN,0,0,0,0
1993-11-30,1993,11,-0.585739953269115,-7.00016586387884,-0.946592598888252,-0.107238616175298,0,-0.475060275859818,0.128617381074481,0.123533060799286,0.125865340719589,0.117164629689093,-1.15100468038163,NaN,0,0,0,0
1993-12-31,1993,12,9.40154531648059,2.67311513733031,1.2154099650683,-2.82935086426113,3.6483031005365,2.50796843970233,0,-0.123533060799286,0.125707119005103,0.117027514819057,0.554438818235869,-0.350284628627762,0,0,0,0
1994-01-31,1994,1,-2.81904861287643,10.4506776617263,-0.268817366180052,10.1212853137745,-4.78560211776351,-2.34936412413882,0.640617181241154,0.370142310318577,0.125549294583216,-0.117027514819057,-0.905396682092618,NaN,0,0,0,0
1994-02-28,1994,2,-4.16090908177171,-8.07417639760342,1.33691830821343,-7.99180271671718,3.21571116345316,1.10324208035761,0.127632435960479,0.246002584086291,0.12539186595939,0.117027514819057,-0.513391419181453,NaN,0,0,0,0
1994-03-31,1994,3,1.86716559208771,12.3155781958774,-0.399202126953746,2.24368386358247,3.26877351295733,0.625002034517141,0.254777207879808,0.245398896156601,0.125234831646548,0.11689072049812,-0.431134704308533,4.97518851688703,0,0,0,0
1994-04-30,1994,4,4.9894490384391,-4.80201994493381,1.06101791120157,0.526871608682722,-0.460476638674834,0.930239266231325,0.254129742867271,0.122473989589622,-0.125234831646548,0,0.730294978051305,NaN,0,0,0,0
1994-05-31,1994,5,-5.24830480430527,-0.705221540532452,-0.264200946283832,-0.738399979463988,-1.39429059690128,0,0.126823098799544,0.122324174274446,0.125234831646548,0.116754245603801,-1.3339185412363,NaN,0,0,0,0
1994-06-30,1994,6,-5.60439032906226,1.19593405694252,0.527705710084359,-3.11853228269996,2.76940775818373,0.46189458562953,0.253164692177954,0.366077284968114,0,0,-0.124271860653469,1.38203493852203,0,0,0,0
1994-07-31,1994,7,6.29676978431251,-1.55041865359644,-0.395517984292759,-1.81873296429442,-0.608829886725459,0.459770924862912,0.252525386719427,0.243309122464108,0,0.116618089018239,-0.506448548304128,NaN,0,0,0,0
1994-08-31,1994,8,2.51890447020209,2.38607811269063,0.132013220492233,2.4177001783686,-0.92025189311622,-0.767463475310848,0.377596420953452,0.242718565761102,0.125078190165251,0.116482249629346,-0.195472911062566,NaN,0,0,0,0
1994-09-30,1994,9,-9.73784013647938,-0.48661896511728,1.44075838632727,-1.47664701163013,4.3714571236305,3.33364202675916,0,0,-0.125078190165251,0.116346726329741,0.117329592246662,2.99443013445249,0,0,0,0
1994-10-31,1994,10,2.9176172652746,3.6268087199316,1.80417264851593,2.87828720898373,0.881062968215574,1.62605208717803,0,0.121138718629776,0.250000130208505,0.116211518017728,0.273234878606043,NaN,0,0,0,0
1994-11-30,1994,11,-0.208798087360229,3.04457665341635,0.509555242659943,7.27687460261466,0.437637459979889,1.16619397478432,0.125549294583216,0.12099215027126,0.498133035020398,0.463500250414928,-0.688417019006327,NaN,0,0,0,0
1994-12-31,1994,12,1.93661956284021,-3.11180354670464,0,-2.8270433938256,3.85486701172351,1.00938131692185,0,0.120845936156844,0.248139085138543,0.230946984866254,0.422999220724751,5.15070285027583,0,0,0,0
1995-01-31,1995,1,-3.5270150646145,-12.292400184829,-1.92436983926267,1.37301928119022,-7.41079721537226,-2.46926125903713,0.12539186595939,0.120700075003555,0.371057939653596,0.8041398874993,-0.595846529628741,NaN,0,0,0,0
1995-02-28,1995,2,3.54322764193755,15.8594890708251,1.41481459660273,-5.23571242751153,1.79377006866677,2.03791623366518,0.375234961855053,0.481348703154794,0.369686188132601,0.228571528085642,-0.551964814077088,NaN,0,0,0,0
1995-03-31,1995,3,-9.13573586504048,-5.05763138689481,-1.02696666374564,-3.19032193426247,0.148038517043414,-0.57803629154991,0.124766079815508,0.239808268401287,0.24570036930518,0.228050269872515,-1.10515933022448,-1.6933802127749,0,0,0,0
1995-04-30,1995,4,5.25264215167605,0.204568772329328,0.386349482504489,0.054929965676731,-1.4903405502575,-0.435730536895562,0,0,-0.122774723832197,0,0.303345007895661,NaN,0,0,0,0
1995-05-31,1995,5,3.98313912527719,-1.02705456041781,0.640617181241154,-3.57779915405114,2.08031276297636,1.01376682844547,0.249066131245179,0.119688823384578,0,0,0.246785939046745,NaN,0,0,0,0
1995-06-30,1995,6,-0.520886261059239,-1.45583160496923,-1.15608224010764,0.454288118030011,-3.59320092260633,0,0.124300823959711,0.119545740477367,0.122774723832197,0.113830405006077,-0.646115596768837,3.42769582868137,0,0,0,0
1995-07-31,1995,7,6.19325433551525,0.418119076040124,-0.258732356495095,1.68543315549821,3.15104839681855,-2.03791623366518,0,0.238663597773137,-0.24570036930518,0,-0.272457897530032,NaN,0,0,0,0
1995-08-31,1995,8,0.525944840514381,-0.697839538146194,-1.17265187403195,-1.00784727677272,-4.68717691296732,0,0.248139085138543,0.11911853701525,0.122925645472982,0.227272825100222,-0.870411684832284,NaN,0,0,0,0
1995-09-30,1995,9,-1.48621651185294,-2.05171682340488,1.94684928939353,3.10274196850537,3.4984556345627,1.60470255975174,0.12383902511468,0,0.122774723832197,0.113443007061154,0.113259457135939,1.29581971866486,0,0,0,0
1995-10-31,1995,10,-1.62631318865278,1.34897324265912,-2.60431385360205,-4.51959763433685,-4.43158837745115,-2.1946747724706,0,0.237812240496815,0,0,-1.7454158131903,NaN,0,0,0,0
1995-11-30,1995,11,4.03564342969691,3.60149726807091,0.657464564208521,6.67834309477513,2.16391751034815,0.295421189743106,0.12368585373963,0.118694375952799,-0.122774723832197,-0.113443007061154,0.180846740616669,NaN,0,0,0,0
1995-12-31,1995,12,0.254227229310455,-13.7621377876047,0,-11.71158797173,1.51747980192356,1.60939830732634,0,0,0.245398896156601,0,-1.18139256633043,-0.143772840462475,0,0,0,0
1996-01-31,1996,1,8.57100688154526,-7.53698019741442,0.392413845613415,4.74744874072686,-2.59358549755335,-1.31484728435058,0,0.118553659410203,-1.48150857851403,-0.113571846392713,0.0747663586230018,NaN,0,0,0,0
1996-02-29,1996,2,0.896494503237388,-9.25362529216001,-0.918039234496071,-4.44777815386628,-1.24418401233664,-2.38106486937184,0.246913705692098,0.354820005609735,0,-0.227531383713586,-0.666558041989074,NaN,0,0,0,0
1996-03-31,1996,3,0.167660741887854,8.74729509650534,0.263158046605572,-3.22314309769567,3.83776950988999,1.49479614358725,0.246305543239789,0.117994113984832,-0.12445552322049,0,-0.117105826850139,-4.04676461337203,0,0,0,0
1996-04-30,1996,4,0.131665943513504,14.833248159627,0,-0.557795062605404,-0.604231445596337,1.32647486584831,0.24570036930518,0.11785505194446,-0.124610608024689,-0.113960126293389,-0.967166195144209,NaN,0,0,0,0
1996-05-31,1996,5,1.24313568604917,1.59192942174915,0.915637528598623,4.19897400347686,0.151400483121567,-0.146520172732778,0.122624172324404,0,0.124610608024689,0.113960126293389,-0.203028578327746,NaN,0,0,0,0
1996-06-30,1996,6,1.83073796401469,2.90080473797598,0.389864041565691,2.12272121305732,1.79914897930411,0.730463437888762,0.122473989589622,0.235294226202676,-0.124610608024689,0,-0.424304777786588,5.67317202031248,0,0,0,0
1996-07-31,1996,7,-3.11921287861043,-3.26038800928155,-1.04303422788723,-1.64709605959246,-0.446761725971623,-1.17131646636537,0,0,-0.124766079815508,-0.228050269872515,-0.691217497993257,NaN,0,0,0,0
1996-08-31,1996,8,1.7107490686203,0.860837453659968,1.30210173029655,2.7495151153806,0.298062813813793,0.587373201209385,0.122324174274446,0.117439825594179,0,0,0.359005428752113,NaN,0,0,0,0
1996-09-30,1996,9,4.6636761912759,1.06572944739884,0.773199728332585,-3.10602173183021,-0.148920355146753,2.60130274638,0.12217472503222,0,0.373832211060687,0.114090143579126,-0.33331939753074,2.47472532375568,0,0,0,0
1996-10-31,1996,10,0.597345153769879,-3.5975102458278,-1.29200763651038,-1.13739627840097,1.33236611984708,-1.43680632669199,0.243902559935893,0.234466695925395,0.372439909098254,0.113960126293389,-1.18843975407845,NaN,0,0,0,0
1996-11-30,1996,11,6.43092818963584,-0.3669728888962,1.42029501779932,-1.39438452002798,-0.738010729762273,1.57935802581415,0,0,0.12383902511468,0,0.871183325060176,NaN,0,0,0,0
1996-12-31,1996,12,1.09026982462304,1.74931574475172,-0.128287381288938,1.51472147799128,-0.296736122780228,0.426439878645724,0,0,0.12368585373963,0.113830405006077,-1.07063706156314,2.22367359596269,0,0,0,0
1997-01-31,1997,1,5.32860109712718,-23.4223493927014,-1.16205310230182,-7.87907356543318,1.47495299260623,-2.15062052209634,0.607166406854986,0.467290569939216,0,-0.113830405006077,-0.775569222410422,NaN,0,0,0,0
1997-02-28,1997,2,7.09455408775046,14.3526932456202,1.41846349919561,9.9618623332697,0.146305805176095,0.722024797348642,0.12099215027126,0.349040493976815,0.123533060799286,0,0.166076695660777,NaN,0,0,0,0
1997-03-31,1997,3,4.40295731148979,0.866488288572409,1.01911710061886,-8.60481404405995,3.30727482740221,2.13531244705694,-0.12099215027126,0,-0.123533060799286,0,0.531336993267573,-2.50843867680821,0,0,0,0
1997-04-30,1997,4,0.884036224185003,1.24709332541153,-0.380952841666815,-3.19557676628444,0.985229644301189,-0.848661387731831,0,-0.116211518017728,0.123533060799286,0.113830405006077,-1.426158298632,NaN,0,0,0,0
1997-05-31,1997,5,3.56109890765115,-0.388048604907798,-1.15164420615592,4.91372275435316,-1.552607052892,0.425230973853008,0.362538161431658,0.232288141614045,0.246609249519292,0.340715832161376,-2.43512010154054,NaN,0,0,0,0
1997-06-30,1997,6,5.57225996218769,1.23649179709497,3.78833179023017,-0.696425733403228,1.83232751499807,2.51409889581016,0.120554565534903,0.231749814036242,0,0,3.01503561833174,5.6571361316518,0,0,0,0
1997-07-31,1997,7,15.6608605711437,0.68886609951857,1.10906866941578,-2.31372789117588,-0.139762426663825,1.91262660935276,0.360794137619891,0.577035646133606,0.246002584086291,0.226500663085272,1.01116621664508,NaN,0,0,0,0
1997-08-31,1997,8,-11.682021374561,-2.70600198589648,-3.36480341182321,2.56753513402304,0.835659459094185,-2.18886987894376,0.359497091785865,0,0.367872885746223,0.113058237028518,-3.00211814553837,NaN,0,0,0,0
1997-09-30,1997,9,5.82478959142918,1.40080111561112,0.883286499850833,-2.11343120739738,2.05909814439273,1.23712918025474,0,0,0,0.225733730165079,0.951752792530236,1.54178781085363,0,0,0,0
1997-10-31,1997,10,-10.1554646242391,-0.775799081093975,1.49628726767128,0.452051141131804,-0.681665897909767,0,0.119545740477367,0.229885158711074,0,0,1.07423767911818,NaN,0,0,0,0
1997-11-30,1997,11,5.65585660438614,-1.01762130604524,0.370599559431728,-4.00973859784255,-0.824180489510429,1.62605208717803,0.119402999260743,0.114744705647674,0,0,-0.37730927050541,NaN,0,0,0,0
1997-12-31,1997,12,6.15636138436706,-0.315209086831469,1.10362861428861,3.42815375984218,1.91262660935276,1.2024192966801,0.119260598512394,0.114613193062318,0.122324174274446,0.112676068258999,0.40358012314563,2.83441971282343,0,0,0,0
1998-01-31,1998,1,5.03704651346943,-1.35083500247921,0.970881412696034,-2.3607653736665,1.21050570262753,-1.87673068516911,-0.477898161635082,-0.229357898709992,-0.244798163864068,0,-1.23338714456871,NaN,0,0,0,0
1998-02-28,1998,2,5.50312569056395,-2.10193672240759,-0.241838086428103,4.03175541065375,-0.805373480709726,0.942767925555899,0.119688823384578,0.229357898709992,0,0.112549252173455,1.05811762287997,NaN,0,0,0,0
1998-03-31,1998,3,8.24459361268683,2.97808728926485,1.32292969684968,0.888330714797902,2.0014010270069,1.7276177191869,0,0,0,0,-0.087750093380734,3.18212319822138,0,0,0,0
1998-04-30,1998,4,2.78550211810948,-2.97808728926485,-0.960391535418026,-0.253004562537029,-0.264550418842457,-1.45987994211527,0.119545740477367,0,-0.368324541629583,-0.225225320432454,0.0965208691614983,NaN,0,0,0,0
1998-05-31,1998,5,5.85004370771287,1.7814236275127,0.481348703154794,-1.91821738387734,-1.46767144159323,1.06383982050557,0.476758948347289,0.571103779551407,0,0,-0.263458482063683,NaN,0,0,0,0
1998-06-30,1998,6,4.99874803975402,0.79936476807454,-0.602048778158348,1.02762625573849,0.134318354646723,1.05264129869873,0,0,-0.123076938613309,0,-0.220080197990136,-1.24216558505204,0,0,0,0
1998-07-31,1998,7,0.330852730808928,0,2.03234729719144,4.55901614387617,0.134138182420163,-0.262123347987409,0.118835426937913,0,-0.12322860462648,0,0.912367062235031,NaN,0,0,0,0
1998-08-31,1998,8,-19.738952828326,-1.44348937836023,-2.27418538361954,-5.78050352656474,-3.13163780449965,-1.32102317368066,0,0.227531383713586,-0.123380644892812,-0.112803170449904,-1.3716912511236,NaN,0,0,0,0
1998-09-30,1998,9,-8.23581005193645,-0.242620418246364,-0.729043326267931,5.90252916708769,2.99749962207949,-0.935210557028032,0,-0.113700978707509,-0.123533060799286,-0.112930559715174,-0.0708528946477216,1.05838428156666,0,0,0,0
1998-10-31,1998,10,5.70386817091002,-1.38608007922354,0.729043326267931,-5.70866804013761,-3.69146493313357,0.401875959491793,0.118694375952799,0.113700978707509,-0.495663963992854,-0.226244440396872,0.494919260341664,NaN,0,0,0,0
1998-11-30,1998,11,6.90086236588794,-1.32233331746896,-1.34066602801157,2.86370189332921,-0.979713924498338,-1.88939493599616,0,0.113571846392713,-0.498133035020398,-0.226757466778071,-0.849938715502141,NaN,0,0,0,0
1998-12-31,1998,12,-0.390130640635711,-2.52751449581945,0.489597061220692,-5.21521455618048,2.91080841580715,2.4227295335324,0,0,0,0,0.62929522984474,-0.13789141187992,0,0,0,0
1999-01-31,1999,1,3.41100320510392,9.12685141129481,1.57483569681389,8.18205762240183,-1.37553750684853,-0.80107237460787,-0.714288751238001,-0.569153499978814,-0.500626827814443,-0.341103230106299,0.352796273490874,NaN,0,0,0,0
1999-02-28,1999,2,-5.48180127478002,-11.9829520802724,-1.94180858571018,0.18253731870983,0.138408326593797,-1.757989831711,0,0.114090143579126,-0.125549294583216,-0.113960126293389,-2.06376298021391,NaN,0,0,0,0
1999-03-31,1999,3,-0.792081737390582,11.4362892585357,0.610875448832182,-5.88405000229333,0.551725537475445,3.22175515507981,0.357782134788387,0.227790531299465,0,-0.114090143579126,0.206509613233319,3.25074758870159,0,0,0,0
1999-04-30,1999,4,9.6923833592097,-2.37729103525028,0.728158557126246,2.73466961736215,0.685403642779292,-2.13626281413619,0.593473551981472,0,0.376175992189154,0,0.661543624868433,NaN,0,0,0,0
1999-05-31,1999,5,-5.59834086215876,0.0801603249336758,0.602774579751753,1.55620943274748,0.544960476756451,1.20725812342686,-0.118413276121654,0,-0.125234831646548,-0.114220457877678,-1.23724009658446,NaN,0,0,0,0
1999-06-30,1999,6,5.93506054727424,-0.40144574186618,0.12012013456344,-3.64820331622031,3.07716586667537,1.58733491562906,0,0,0.250313021811799,0.114220457877678,-0.207703149578808,0.819952456577866,0,0,0,0
1999-07-31,1999,7,-5.28060849864627,1.04042555174324,0.717706430036369,2.34262058107877,0.656601177089033,0.65402456806094,0.236686501026639,0.113700978707509,0.374298627883451,0.228050269872515,1.16834257906939,NaN,0,0,0,0
1999-08-31,1999,8,3.25693036077546,-1.36274653990016,0.948998818484803,-2.85643031775322,4.22868896236945,0.64977486575204,0,0,0.12445552322049,0,-0.304250793984373,NaN,0,0,0,0
1999-09-30,1999,9,-2.32127461634679,0.0806776969940692,-0.354820005609735,-2.80788933397176,-1.51709610078061,1.79722424044302,-0.118273224904986,-0.227531383713586,0.124300823959711,0.113830405006077,-0.494138735120764,4.16481806912969,0,0,0,0
1999-10-31,1999,10,7.03919056687603,1.04292962969854,0.943403223335881,1.51169490628442,0.761424998524518,-0.382409643840287,0.236406729488081,0.227531383713586,0.248139085138543,0.227272825100222,1.11062494045138,NaN,0,0,0,0
1999-11-30,1999,11,6.492532050218,-1.69018108026027,0,-7.16522613949779,1.25629793007054,0,0.235849165929292,0.227014853453866,0.12383902511468,0.226757466778071,-1.17369084641119,NaN,0,0,0,0
1999-12-31,1999,12,16.5631271201701,0,0.117302066236302,0.489340368272906,0.498133035020398,2.3975911875711,0.117716317301486,0,0.12368585373963,-0.113314459716918,1.91026071154985,4.96789602498744,0,0,0,0
2000-01-31,2000,1,-1.77679528135233,0.162206037186774,-0.824018788545544,4.89893872002733,-3.92704038288363,-2.52538673212035,0.11757790890119,-0.227014853453866,0.493219248931887,0.33955890011379,-1.4875792063112,NaN,0,0,0,0
2000-02-29,2000,2,11.1848686011589,5.82383275518108,2.45196171743185,-3.23914957912352,5.89512358627013,2.40062065230484,0.117439825594179,0,-0.246305543239789,0.112930559715174,-0.0359034201864894,NaN,0,0,0,0
2000-03-31,2000,3,-0.592495119801839,-5.98603879236785,0.115273787980819,3.83498053748657,2.28787823849306,1.11733005981254,0.234466695925395,0.113571846392713,0.12322860462648,0.112803170449904,0.268961969563719,3.76296284075792,0,0,0,0
2000-04-30,2000,4,-2.4606156310881,-0.81500043619247,1.25931830248271,-2.60797127830514,0.947874395454384,0.61538655743778,-0.117164629689093,-0.113571846392713,0.368777307918489,0.337648041660543,0.107382560654123,NaN,0,0,0,0
2000-05-31,2000,5,-4.20060243650866,0.163532334073047,2.36098656391333,-0.884660414029348,0.235571369245946,2.54404998438389,0,0,0.367422336188472,0.22446698538241,0.837197622351127,NaN,0,0,0,0
2000-06-30,2000,6,-3.01938662604719,-4.3412492935313,-2.24728558520582,-5.62340693553658,2.0955365175988,0.715140115762569,0.351082865006269,0,0.366077284968114,0.112044829648994,-2.92484291262323,4.03335289364009,0,0,0,0
2000-07-31,2000,7,4.14806950378388,1.01868453069924,1.69018108026027,1.00720275922033,0,0.118694375952799,0,0.227014853453866,0.728158557126246,0.223713739835585,2.24850323380466,NaN,0,0,0,0
2000-08-31,2000,8,0.362052221430176,0.0844238125281116,0.889883514212997,-5.2160188511154,0.459770924862912,1.64709605959246,0,-0.113443007061154,0.362100576695301,0.223214378394054,0.871271514423544,NaN,0,0,0,0
2000-09-30,2000,9,-5.97170486771681,-2.21852102294804,0.110680697519161,3.33735088165064,-0.459770924862912,-0.23364496610192,0.466201310581127,0.113443007061154,0.839836969883123,0.222717241282488,-1.24701001337488,-0.611153671221487,0,0,0,0
2000-10-31,2000,10,4.02661314824453,-2.7111411281747,-0.221484032955299,-0.438597194325396,0.230149698827908,0.350263055120159,0.232288141614045,0.33955890011379,0.357782134788387,0,-0.368159173078553,NaN,0,0,0,0
2000-11-30,2000,11,-10.4947060037444,4.16726964005676,0.662985853866971,0.292611766938933,0.344234419097322,0.465117117573133,0.115942041973405,0,0.711746776886457,0.333148559100316,-0.44178045976091,NaN,0,0,0,0
2000-12-31,2000,12,0.957059818053096,-0.511510066677001,0.767968667422814,3.4461414402231,1.59094264699773,0.34742362681861,0.231481584845206,0.563381771825622,-0.118273224904986,0.110803335436138,0.926390579846093,0.305693557102416,0,0,0,0
2001-01-31,2001,1,5.46718807322115,-3.12525435041042,-0.328407520119001,-3.59234029667306,-3.44070637118001,-0.231481584845206,-0.231481584845206,-0.224971973401544,0.354400843472913,0.221239028294118,0.838018633457693,NaN,0,0,0,0
2001-02-28,2001,2,-9.0330191317868,2.61111440036856,1.09052334822621,0.146198856449953,0.465658582995054,1.38091952741872,0.577702357692278,0.33726844786397,0,0,-0.40921683295414,NaN,0,0,0,0
2001-03-31,2001,3,-6.28690221750379,-8.70113769896301,-1.64027734414569,-1.24955686855399,-0.933495693605124,-0.68807610922228,0,0,0.235571369245946,0.22075064152105,0.160327815585237,6.53800343084363,0,0,0,0
2001-04-30,2001,4,7.18918782012423,-0.941626543151575,-1.77980226443273,2.77187695218277,-3.45890175822072,-1.39052066676122,0.345026219215239,0.224215340568978,0.469484430420763,0.110192848615664,-2.23191410089703,NaN,0,0,0,0
2001-05-31,2001,5,-2.28057394211376,5.07254889402899,1.11608301375279,2.6971116774793,3.22415986639024,0.581735206591372,0.572411408388884,0.335383209843076,0.233918235317176,0,0.924003312924881,NaN,0,0,0,0
2001-06-30,2001,6,-1.06521779260742,-0.541029272824733,0.442968609158889,0.0700035030336998,0.234741891830481,-0.232288141614045,0.114090143579126,0.111544908386563,0,0,-0.89670452755124,0.343421356145512,0,0,0,0
2001-07-31,2001,7,-3.3089773719496,-1.18236939057415,-3.02883500648097,-10.000979915801,-3.09548524679881,-1.99654312456978,-0.114090143579126,0.222717241282488,-0.468384931242571,-0.110192848615664,0,NaN,0,0,0,0
2001-08-31,2001,8,-12.1971625769678,2.52949348956211,2.69679264275071,5.19891079376,1.08239180610106,2.80720187786869,0.114090143579126,0.111172885269006,0.117302066236302,0.220264406234172,2.78144612912508,NaN,0,0,0,0
2001-09-30,2001,9,-18.5872463927224,-0.626400258493032,-1.33930573364385,-5.74175819118929,-3.40665545636059,-1.043487729258,0.113960126293389,-0.111172885269006,0.117164629689093,-0.110071557618507,-2.04718185027009,-1.20326691510506,0,0,0,0
2001-10-31,2001,10,5.66232353052953,0.358423322781487,-1.69975763685706,0.542847397429291,-1.24534610712868,-2.12022076506031,0,0.333148559100316,-0.941183418234637,-0.110192848615664,-0.58879648340584,NaN,0,0,0,0
2001-11-30,2001,11,9.02861146045275,-1.80510316455686,-1.26511175535589,3.42108619163168,0,-1.19761910467151,-0.113960126293389,0,0,0,-2.95969605056756,NaN,0,0,0,0
2001-12-31,2001,12,3.35380733508046,1.35687292060691,0.577035646133606,-6.48375194953079,4.41248049089378,0.480770156810273,0.227790531299465,0.442478598035567,-0.118273224904986,-0.110314407215739,1.58755597141358,0.559109816314773,0,0,0,0
2002-01-31,2002,1,-1.02244205320652,-2.54790853009847,0.573725039014317,3.37154631235776,-2.05943074987438,0.835825761420139,0.227272825100222,0,0.118273224904986,0.220507255831404,0.156458547401339,NaN,0,0,0,0
2002-02-28,2002,2,-1.35080163931018,5.29509059651829,0.228571528085642,3.5596336766651,-0.613875469832514,-0.118976813558902,0.226757466778071,0.330578813449911,-0.118273224904986,-0.220507255831404,-0.905317961566521,NaN,0,0,0,0
2002-03-31,2002,3,6.86734417570793,-3.92207131532807,0.228050269872515,7.66027318010929,2.07198149736172,-0.357782134788387,0.226244440396872,0,0.354400843472913,0.220507255831404,0.0927557806972068,-1.33455432411509,0,0,0,0
2002-04-30,2002,4,-6.8252795311972,-1.74236411472544,0.113830405006077,-9.76561409989252,0.24096397201534,-0.239234563861945,0.112930559715174,0,-0.354400843472913,0,-1.08129316013734,NaN,0,0,0,0
2002-05-31,2002,5,-4.52230593783476,-1.67914392972603,-1.02916860365481,-6.10996586407211,2.73013989331217,-0.119832249210905,-0.112930559715174,0,0,0,-2.32292976287969,NaN,0,0,0,0
2002-06-30,2002,6,-9.47880862863872,-1.23049351903788,2.83305066262258,2.23651494595805,-0.941183418234637,0.478469812333593,0,0,0,0.110071557618507,1.40968140655247,1.07660074681775,0,0,0,0
2002-07-31,2002,7,-16.9262414143372,-1.34230203321408,-1.91771246397385,-3.5373462972581,-1.42859572474769,-0.358637563122688,0.225733730165079,0.219780308247941,-0.118413276121654,0.109950533341685,0.207860996987286,NaN,0,0,0,0
2002-08-31,2002,8,0.345337187984107,1.62760893145473,2.2523474667083,-0.245801025026893,2.01787262146276,2.71723746371064,0,0,0,0,2.3875049917808,NaN,0,0,0,0
2002-09-30,2002,9,-29.3326910894897,0.473710028426932,-1.23250859926198,2.75098254147963,-1.30102367360152,-0.81919709145879,0,-0.109829774906256,0.118413276121654,0,-2.55754092921547,1.84500193021648,0,0,0,0
2002-10-31,2002,10,12.9809747935647,-2.87651664031339,-0.792307483732735,-4.90695327981525,-0.477327875265754,-1.0632114331047,0.112676068258999,0.109829774906256,0.236406729488081,0.109829774906256,-0.350428923269952,NaN,0,0,0,0
2002-11-30,2002,11,5.17543475307818,1.44860089856618,1.80185055026776,3.86402365011671,1.5430573226646,0.945633524203515,-0.225479238708903,0,0,-0.109829774906256,-0.723674839837329,NaN,0,0,0,0
2002-12-31,2002,12,-13.7895101857376,-5.01333477158994,-1.80185055026776,0.241643291162852,-3.47548460530485,0.352319800731671,0.225479238708903,0.109709281437365,0.471143392131967,0.109829774906256,0.13370262711847,-0.814184222396719,0,0,0,0
2003-01-31,2003,1,-5.13545447890387,1.79825025504323,0.792307483732735,-4.44151948199289,2.88481543376582,-1.77414470095965,0.449438958783954,0,0.935679341088136,0.219298333501072,0.133524101859983,NaN,0,0,0,0
2003-02-28,2003,2,-7.58756916783803,-5.70419383870187,0,-0.844599615341135,-0.237248035363002,0.119260598512394,0.112044829648994,0.109589052063708,0.232558244347469,0,1.20317874170812,NaN,0,0,0,0
2003-03-31,2003,3,-4.95703613051495,9.5881771703282,-0.225733730165079,-1.97008513050481,-2.16094843328554,0.475625153464865,0.335383209843076,0.328048407916182,0.116076623596317,0,-0.56662725973311,-4.92021740951252,0,0,0,0
2003-04-30,2003,4,19.3737746860205,-0.956945101615059,-0.33955890011379,-1.13093854375119,0.24242436115065,0.473373665019938,-0.335383209843076,-0.109229939860889,-0.465117117573133,-0.109589052063708,-0.142159906422634,NaN,0,0,0,0
2003-05-31,2003,5,1.37189708881884,-2.03989589126934,-0.796816964917646,-2.92963694884314,-2.45110310143497,-2.38959996283636,-0.112044829648994,0,-0.116618089018239,0,1.17853624491726,NaN,0,0,0,0
2003-06-30,2003,6,7.6739289354558,1.75101750068025,-0.458190950511206,2.05089667216267,3.8934357975454,-0.36341651142191,0.223964259350495,0.43620570801659,-0.116754245603801,-0.109709281437365,-0.696014848906135,0.130257803050782,0,0,0,0
2003-07-31,2003,7,7.97269065256163,0,2.38241557275067,4.23389369380374,-1.20049460968232,3.34159969198442,0,0,0.23337233462204,0,-1.46418284122891,NaN,0,0,0,0
2003-08-31,2003,8,-0.0940855469513835,-2.83637595982134,-2.497292093138,-4.94248833275233,0.361664047018895,-3.34159969198442,0.223463780141575,0.10875476873986,0.232828975959087,-0.109829774906256,-2.09046613791077,NaN,0,0,0,0
2003-09-30,2003,9,-6.76085567398612,0.396040121609698,-0.345423486808727,-0.177935990007683,2.02508409364546,1.32611949413839,0,0,0.116211518017728,0.219539056343621,1.30200051470997,1.99199285774512,0,0,0,0
2003-10-31,2003,10,11.5627929528188,-0.993056820260119,3.06667983929723,1.4147008708739,1.28882861923527,1.07207697451015,0.334262149669051,0.217155351350762,0,0,0.221783032907208,NaN,0,0,0,0
2003-11-30,2003,11,2.43083276581135,-0.600602406021178,0.890874488910942,0.350570034762843,0.348634867943787,1.29489743408033,-0.222717241282488,-0.325910120090622,0.347826437632559,0.219058137981865,1.47244270359428,NaN,0,0,0,0
2003-12-31,2003,12,5.68709418875954,2.67475083670288,0.442478598035567,-4.65616779617406,2.40699299402669,2.54055234354222,0,0.325910120090622,0.231213975837896,0,-1.61702801000052,1.46599280187942,0,0,0,0
2004-01-31,2004,1,2.32919255381123,-5.94034713410814,-0.775627157135883,1.18452410039707,-2.29105095205329,-3.12706428878204,0.666669135818942,0.324851395583181,-0.811598657817925,-0.219058137981865,-0.745513449501711,NaN,0,0,0,0
2004-02-29,2004,2,-1.00140462012739,4.26460560491391,0.554632592055615,8.42145952429423,0.922728576907517,2.21067757810296,0,0,0.116346726329741,0.219058137981865,0.455714174039024,NaN,0,0,0,0
2004-03-31,2004,3,-4.10121816684015,-0.199005040800948,-0.665929208997706,-12.3942683466001,1.48150857851412,-0.34582167029571,0.221239028294118,0.215982805342918,0.34823018358745,0.436681916634019,-0.232445625241606,-0.0860863018495195,0,0,0,0
2004-04-30,2004,4,3.27781158462699,-3.44512287542464,1.43728289577583,0.282353128760704,1.23666556372113,1.94402920415255,0.330943490136715,0.32310205814472,0.462428569711459,0.326264563481615,1.16644692662691,NaN,0,0,0,0
2004-05-31,2004,5,-1.61387381189027,0.411523214510634,1.09171389953486,-6.40373935901257,0.445931619676543,-0.113314459716918,0.220022090960192,0,0.460300007196057,0.108518730128715,0.0670658707772276,NaN,0,0,0,0
2004-06-30,2004,6,3.29394626070112,-1.23968529768286,-0.653597097978498,5.26951169861913,-1.11857989577162,1.23945248697082,0,0.107469112976499,-0.11487652038733,0.108401094625865,-0.249328859503795,1.3751625061392,0,0,0,0
2004-07-31,2004,7,-3.95404176045986,0,1.19501693706576,-3.38359972490956,1.11857989577162,0.335383209843076,0.109829774906256,0.214592357027676,0.573067470898536,0.432433106300234,-0.404079826324466,NaN,0,0,0,0
2004-08-31,2004,8,-2.87489483535719,-1.57153574796283,-0.976676238971397,3.00264688324274,-1.90909784648294,-1.12234623698493,0.328767419419229,0.107123738149895,0.45610113275627,0.10781672203457,-2.33101693959732,NaN,0,0,0,0
2004-09-30,2004,9,2.80529987800957,-0.211416569233513,-0.327690080231502,-0.766287274556898,1.79780122954085,0.898882456843353,0,-0.107123738149895,0.113700978707509,0.215285336110149,1.82845475300786,-0.772947100421462,0,0,0,0
2004-10-31,2004,10,1.7152798593207,-0.424178790836294,1.19631660582753,1.43200537747488,-0.67039357221903,-0.111919429701501,0.218579321998025,0,1.01753280416519,0.214822853828966,-0.174553962086499,NaN,0,0,0,0
2004-11-30,2004,11,4.10012600622363,-0.639661029669281,-1.63491380015302,-5.5542769598703,-1.69591402078266,-0.561483788432948,-0.218579321998025,0,-0.112549252173455,0.214362354325104,0.484121782104463,NaN,0,0,0,0
2004-12-31,2004,12,3.10401525328263,1.6967533256703,-0.440529346791596,4.31439460018481,6.29694458566599,1.56427770704539,0.327690080231502,0.21413284413434,0.33726844786397,0.533904097942006,-1.02913529663953,0.38666025243792,0,0,0,0
2005-01-31,2005,1,-0.0289035389346992,1.66844329079039,3.04371321858632,-9.03321875219465,-2.60318387179472,1.21213605323449,-0.109110758233477,0,0.447929080404563,0.318979536810016,0.748630203878697,NaN,0,0,0,0
2005-02-28,2005,2,2.2229004429434,-12.6611968623978,-1.61903158731551,-2.44562959775267,-1.88580186343961,-2.10301054214543,0.109110758233477,0,0.334635002734451,0.106100805709453,-0.983119808149091,NaN,0,0,0,0
2005-03-31,2005,3,-0.0395485126825079,-7.68202059834415,1.18984637916144,7.76385614378361,1.99563163834586,2.10301054214543,0.326619778662085,0.106894718890516,0.333518930613774,0,-0.186028349531142,-0.773694631932287,0,0,0,0
2005-04-30,2005,4,-3.84246169421409,13.1628442478436,0.85653628589224,-5.21323965974725,-0.882034384297281,-0.990652020279192,0,-0.106894718890516,0.442968609158889,-0.31864073694079,1.22724828519818,NaN,0,0,0,0
2005-05-31,2005,5,6.38215512792346,2.41504602322831,-1.28757143600451,6.69621295685223,0.552182518430833,-0.443459706786609,0,0.106894718890516,-0.110558330774957,-0.106439605578679,-2.29129773326902,NaN,0,0,0,0
2005-06-30,2005,6,2.77792056466701,0.108401094625865,2.13683344056985,0.587085834978396,3.25055704049309,1.76216013498198,0.217155351350762,0,0.441501820911672,0,2.14598407243587,2.70140920631192,0,0,0,0
2005-07-31,2005,7,6.34071097178417,0.97035801827392,1.4690715410004,0.970881412696034,2.2141125877214,1.08578699720487,0.216684808509005,-0.106894718890516,0.549150199367521,-0.106553020203837,-0.0969932180793442,NaN,0,0,0,0
2005-08-31,2005,8,-1.16940296027597,-0.214822853828966,-2.85280836145381,6.36323135540335,-2.32077926450165,-0.650056460309312,0.324149392417095,0.106894718890516,0.437159166149659,0,-3.10446216819598,NaN,0,0,0,0
2005-09-30,2005,9,4.34409604633572,-1.08109161042158,2.74858740360946,-2.4783278531773,3.15152132148722,2.78688990087916,0.215517324798409,0.213447252863208,0.326619778662085,0.212992625782515,1.47061473896954,3.19235533240487,0,0,0,0
2005-10-31,2005,10,-2.30729380778634,2.78688990087916,1.96185951513792,-2.63668758407425,1.3354076211324,0.211193320314429,0.21505384632281,0,0.650056460309312,0.31864073694079,1.37149485198798,NaN,0,0,0,0
2005-11-30,2005,11,5.22382762129823,-3.00451784313873,-1.23458358222992,3.192759452544,1.31780923805547,0.630916919326463,-0.21505384632281,0,0.21574981400212,0.105988351204367,-0.409477027249494,NaN,0,0,0,0
2005-12-31,2005,12,4.05388014484593,3.32114079894374,-0.103573287353242,3.71924953320164,-0.504796629730464,-0.104876779408425,0.107584733346311,0,0.537346806114325,0.211640290637671,-1.65488410244734,1.5233277693806,0,0,0,0
2006-01-31,2006,1,4.79933839014404,-7.32167426031367,0.516797015844261,-10.1115063262556,0.806455983672993,0.104876779408425,0.214822853828966,0.106553020203837,1.27797266463991,0.105652413420021,1.43972509523831,NaN,0,0,0,0
2006-02-28,2006,2,2.12541773322332,0.113314459716918,0.514139950041859,2.43321006595307,0.400802139753953,1.86921330121521,0.214362354325104,0.106439605578679,0.527705710084359,0.210970542384992,0.653820333512911,NaN,0,0,0,0
2006-03-31,2006,3,2.95854082402833,-9.2482923185397,-0.927363678532878,-0.675352301577981,-0.904074465214944,-0.930239266231325,-0.107123738149895,0.106326432133041,0.315291905961601,0,-0.938148188181209,3.74129152773826,0,0,0,0
2006-04-30,2006,4,0.664612763186945,17.5048797464875,2.3530497410194,3.89228059491717,2.58978617185717,2.96696954867475,0.42780813910781,0.106213499098295,0.731838080767933,0.525487283835879,1.11307534648954,NaN,0,0,0,0
2006-05-31,2006,5,-5.41937343491465,3.28234594465497,1.40564563392234,2.84553388830435,0.392542211610536,0.402415029972492,0.106666676780254,0.106100805709453,0.104112450841054,0.209424160311489,-0.116584099477191,NaN,0,0,0,0
2006-06-30,2006,6,-0.167891413519428,-0.607289315789927,-0.600001800009764,-3.49943626501004,-1.48004675049807,0.300752106395574,0.106553020203837,0.211864486028546,0,0,-1.01612989593649,6.26861461956274,0,0,0,0
2006-07-31,2006,7,-0.023577843641398,2.60535778483826,1.78931215140494,1.85706358194562,2.74527044086899,0.698257201113073,0.106439605578679,-0.105876134824179,0.518942524222599,0.625653761430467,1.23946348393407,NaN,0,0,0,0
2006-08-31,2006,8,3.0778150594637,-0.694791876879641,0.687287928776215,0.0919540294678889,3.23529644517659,0.693415358899863,0.106326432133041,0.105876134824179,0.516263407880668,0.207684394483909,-0.603173343443508,NaN,0,0,0,0
2006-09-30,2006,9,2.44046965885332,0.3976148379639,-0.0978952598984506,-1.57483569681398,-1.69975763685715,1.17763873238257,-0.21276603771172,0.211416569233513,-0.412797283803101,0,0.806651927287483,4.01642718798456,0,0,0,0
2006-10-31,2006,10,4.31231899529667,-0.3976148379639,-0.29426210541974,-2.74508481344364,-0.381679852670036,0.389484426154052,0.21276603771172,0.210970542384992,0,0.517331728022086,-0.611682085841458,NaN,0,0,0,0
2006-11-30,2006,11,0.640321272934585,3.33037634741586,1.75272257089603,4.96124199372892,0.381679852670036,2.11546350429019,0.106213499098295,0,0.206611643747223,0.103145960666229,1.00776046675239,NaN,0,0,0,0
2006-12-31,2006,12,4.45955703277523,0.958780115515356,1.05617880511089,-5.15336501151831,0.759016926667577,-0.764091587617877,0.212089156913819,0.105318598465853,0.309119256967261,0.308801068857623,-0.521992485395906,5.22618463918008,0,0,0,0
2007-01-31,2007,1,2.87169760704433,0.570886422032046,0.381316000641441,10.4879630820475,1.2212458029504,1.42791574174721,0.528263246442684,0.629592845681515,-0.205973296301032,0.102722145653011,0.81081525284219,NaN,0,0,0,0
2007-02-28,2007,2,-1.09104937027134,-0.570886422032046,0.474609338925536,-7.5507552508145,2.94409488057541,0.471476592370301,0.210526393546218,0.104547840155256,0,0,0.230459099503388,NaN,0,0,0,0
2007-03-31,2007,3,2.95771116797496,-3.69332550456818,0.47236743477761,4.02616134464706,0,0.469264117819268,0.10509722459755,0,-0.206398422085119,0,0.0287700793161427,1.68691885729757,0,0,0,0
2007-04-30,2007,4,6.86914911781873,-4.661431522476,-0.851874531632735,-0.269420908369167,-1.18560440303135,-0.563381771825622,0.314630568936458,0.521105921275211,-0.103359182328333,0.307534840024815,-1.01191052827083,NaN,0,0,0,0
2007-05-31,2007,5,6.20356743776505,1.33953574322376,1.78996771500932,-1.08500160240652,3.16053394153313,1.68071183163816,0.104657257067142,0.10389611324193,0.515730900714484,0.204499048772711,1.89970214522477,NaN,0,0,0,0
2007-06-30,2007,6,1.56424801200732,-0.513084758234417,-0.093414299179706,-4.17694128762953,3.49380513612809,-0.650257748756733,0.104547840155256,0,0,0.10209291341079,-0.419048232258756,2.8754117431891,0,0,0,0
2007-07-31,2007,7,-5.42968585806634,1.22700925918142,0.74488240129913,5.08192483962127,-4.56620147242566,0.742807500850962,0.312989300892763,0.207468954086032,-0.102933616911383,0.101988790074525,0.200219354677689,NaN,0,0,0,0
2007-08-31,2007,8,0.709879271717995,-0.20345886977875,0.185356864932285,-6.61013032071525,0.537635703638095,0.0924641767219292,0,0,0.102933616911383,0.203666058180296,0.171298100508643,NaN,0,0,0,0
2007-09-30,2007,9,2.88206347048447,0.710302326824674,1.01336657148048,3.03340793485214,0,1.46791626630485,0.415801014866357,0.310398593759142,0.102827772556591,-0.101781179270066,1.03108324908607,3.36819068756675,0,0,0,0
2007-10-31,2007,10,1.98625169174118,0.202020270727576,0.0916170471779942,17.1211200741705,4.3713253160143,0.54496047675654,0.310720084274863,0.309438101474768,0.614756034450537,0.609138939340248,-0.907550188286788,NaN,0,0,0,0
2007-11-30,2007,11,-1.87170506161447,-2.14184628325595,-0.183318108166119,-8.79416428980706,1.78046246335066,-0.181323712418102,0.721280818924086,0.308483535120985,1.11733005981254,0.101163387484426,0.227660883759206,NaN,0,0,0,0
2007-12-31,2007,12,2.4697174648745,3.64412791622559,1.09490144896709,-3.67495422087414,-0.928668556820433,0.542987759436908,0,0.102616735531225,0.100959120135258,0,1.69113387711608,1.14268904977948,0,0,0,0
2008-01-31,2008,1,-16.3317217035353,9.02367860629951,1.35198093563407,12.4691185106812,-2.40354918154884,2.75940961399535,0.307534840024815,0.20491810449359,0.503272325460991,0.202020270727576,-1.09597837232007,NaN,0,0,0,0
2008-02-29,2008,2,-1.52386819712316,0.543479598595731,-0.268937858197127,-18.8160759055479,0.260303834616238,-0.263736416608573,0.102301799203453,0,0.500752173062224,0.40282028286045,0.43233150046067,NaN,0,0,0,0
2008-03-31,2008,3,-3.2097622827493,-11.1703989580001,-0.630348777859258,4.27574422696466,-1.74829627803472,-1.061956882746,0.204290162980048,0.3065919621835,0.398804117795581,0.301053915287142,0.346393643181742,3.44762173471906,0,0,0,0
2008-04-30,2008,4,6.14040463611101,-4.96996685522726,0.270636159774273,-1.09790672824124,0.61538655743778,0.355240160436754,0,-0.10209291341079,0.792868375550704,0.200200267067352,0.503403691962667,NaN,0,0,0,0
2008-05-31,2008,5,2.10707389718721,2.51585596361554,-2.09384071851701,-4.70896788916821,-2.57448750515481,-1.51856424183743,0.508906950747079,0,0.982326170294368,0.399202126953746,-1.69741966370971,NaN,0,0,0,0
2008-06-30,2008,6,-10.0486200840304,0.413223728491019,1.09790672824124,2.57034616720624,-3.57017321798292,0,0.405269045062351,0.204081703485315,0.972770316801164,0.199005040800948,1.64161090028552,-1.01552637302724,0,0,0,0
2008-07-31,2008,7,0.949624213717826,-2.08340869028421,-1.65141367644139,4.14233174487775,-0.654513790490885,-1.72496333347798,0.202020270727576,0.10188487891023,1.63229740319304,0.594649918772649,-1.30169932761106,NaN,0,0,0,0
2008-08-31,2008,8,-0.887633729731263,3.82080548388952,2.01472016142947,-9.25187683298958,1.950828239542,2.97721583336701,-0.100959120135258,0.20345886977875,-0.286123228103197,0.197433430371774,2.33836170286548,NaN,0,0,0,0
2008-09-30,2008,9,-9.65843330249925,-1.32587357909468,-2.38543420971142,5.20348591230544,-6.95187029700808,-2.42926925690448,0.100959120135258,0.101574411983574,0.286123228103197,-0.197433430371774,-2.16883821152312,-1.48888407772283,0,0,0,0
2008-10-31,2008,10,-15.6162889138708,-1.03200090319895,-2.25361650224132,-5.20348591230544,-6.73036818961066,-0.914919465358732,-0.100959120135258,0.101471343054627,0,-0.0988630826939563,0.394440781876604,NaN,0,0,0,0
2008-11-30,2008,11,-6.59899189605042,0,-4.36750635026613,-1.79645549752987,-7.55696045698446,-5.187395829625,-0.30349036951538,0,-1.34230203321408,-0.694791876879641,-0.73377563477921,NaN,0,0,0,0
2008-12-31,2008,12,2.96995663254158,3.36594753512927,-3.94588367405477,-2.24041957538477,-6.94805574268784,-5.67598827065456,-0.202839826139289,0.101368483084663,-0.483793880246797,-0.399202126953746,-2.90264163662686,-7.84882976454284,0,0,0,0
2009-01-31,2009,1,-10.3244589752315,-6.95661838145361,-8.27984793107568,1.63435711421567,-7.99410868208499,-10.354067894084,0.101471343054627,0.101265831438635,-1.56405925410725,-0.702461493696482,-3.28027829899176,NaN,0,0,0,0
2009-02-28,2009,2,-12.1048265739706,1.91699161077201,-3.18933637759535,-11.0212976795838,-2.94927542246128,-3.94025478660289,0.202634314523298,0.202224538076745,-0.592887112227825,-0.403633242246038,-1.42635567769211,NaN,0,0,0,0
2009-03-31,2009,3,6.08171291625066,6.03763904635404,0.461894585629441,5.28757520479477,3.86972899536842,1.75751448215067,-0.304105657577924,0,-0.796024103838899,-0.506843457045925,-0.101936808011516,-18.3488352110647,0,0,0,0
2009-04-30,2009,4,15.4968057650059,-0.0993542058878027,-3.04117004180231,5.02197569790264,-0.524935588614373,-2.70764039456477,0,0.100959120135258,-1.61131381431314,-0.30534374868898,-2.08169099924733,NaN,0,0,0,0
2009-05-31,2009,5,3.53002385516934,-1.09946135010919,4.52776116938525,1.01523714640175,3.61796565775023,2.93965906013449,0.101471343054627,0,0.101471343054627,-0.204081703485315,0.850274720312338,NaN,0,0,0,0
2009-06-30,2009,6,-2.71169453603086,1.00000833345835,0.791411705599021,1.40423571230395,3.980625040042,1.9507216388825,0.404858852600043,0.201612971518461,-0.2030457550382,-0.102197249569258,-0.403497521217933,0.33514874185272,0,0,0,0
2009-07-31,2009,7,10.3338355883546,-2.01011793210872,-1.01868453069924,0.793654959573598,3.8282186571017,-1.02799306197499,-0.30349036951538,0,-1.43298255548245,-0.102301799203453,-0.832817638867489,NaN,0,0,0,0
2009-08-31,2009,8,2.45400465619703,4.17555687564697,1.35595297856321,2.05386192722274,0.934586241823698,0.800461678261399,0.30349036951538,0.201207311341989,0.514139950041859,0.3065919621835,0.677191732062177,NaN,0,0,0,0
2009-09-30,2009,9,3.78060534997147,-1.66916000932531,4.28401586764924,-1.95509648709553,3.42890734786323,4.1277471640405,-0.101061150592319,-0.100553050201846,-0.411100270652209,-0.10209291341079,0.786021215136223,2.37984105795377,0,0,0,0
2009-10-31,2009,10,-4.69332979557109,-2.00006667066699,-2.17399866364065,0.982326170294368,-2.61824859456432,-1.65293019512109,0.101061150592319,0,0,0,-0.144329921961805,NaN,0,0,0,0
2009-11-30,2009,11,3.82243710449348,0.503779402995708,1.20154367444112,-3.68384113489917,2.95476040959572,0.88496152769828,0.100959120135258,0,0.411100270652209,0.204081703485315,0.658100061534217,NaN,0,0,0,0
2009-12-31,2009,12,5.72493521895172,0.80080508033431,0,5.4280714012334,-1.69399872413827,0.767968667422814,0.201612971518461,0.201005092802387,0.102511541524564,0,-0.720019568156527,3.56405175979368,0,0,0,0
2010-01-31,2010,1,-6.03041926197427,-13.8815232122333,0.864870255853223,-11.4905335828769,3.68963036248413,-0.328407520119001,0.100654261140143,0,0.408998525152526,0.10188487891023,0.945244888588981,NaN,0,0,0,0
2010-02-28,2010,2,-0.184346399436919,-4.81031150183941,-0.756351525724508,11.1055475443327,0.219298333501072,0.437637459979889,0,0.100351237724006,-0.10209291341079,0.20345886977875,-0.450959050597532,NaN,0,0,0,0
2010-03-31,2010,3,9.45375664098069,15.2432171069558,3.20198112347718,0.288878390589087,4.60220324564329,2.79889099022324,0.301356330526392,0.100250634962595,0.407747761665611,0.2030457550382,0.563381771825622,3.04152719047615,0,0,0,0
2010-04-30,2010,4,-0.290491650052793,7.16724567242029,1.76995770994006,-4.72528848505451,2.88679840008514,1.78858003070754,0.300450902029947,0.200200267067352,0.810541418282185,0.6066752682238,1.64120794544047,NaN,0,0,0,0
2010-05-31,2010,5,-2.83274624233147,-1.35398586864106,3.04901667577875,-0.911398713770684,0.506843457045925,3.58461317731358,0,-0.100050033358379,0.503272325460991,0.603016902659093,-0.392650894606295,NaN,0,0,0,0
2010-06-30,2010,6,0.0199489850110979,1.35398586864106,-0.300752106395574,0.911398713770684,2.20008873977591,0.901358130536156,0,0,0.600602406021178,0.200200267067352,-0.0706392884714191,8.14659092117651,0,0,0,0
2010-07-31,2010,7,3.01257507081392,-0.481464579554114,-0.604231445596248,1.10276806770626,-0.794443105853571,-1.50680902140676,-0.100050033358379,0,0.398406901487469,0.199800266267225,-0.272934210370934,NaN,0,0,0,0
2010-08-31,2010,8,-3.69041275805593,2.10131895988166,1.7025949589927,1.38616080866241,2.75336960550243,2.10323226057412,0.100050033358379,0.100050033358379,-0.0994530166508412,0.199401860686521,1.34729566633291,NaN,0,0,0,0
2010-09-30,2010,9,5.00011668467568,-0.0945626548007006,1.38069254461026,-0.295421189743106,-1.46558558785328,0.789737569495053,0.0999500333082715,0.0999500333082715,0.298062813813793,0.3976148379639,0.309119256967261,3.11721030083838,0,0,0,0
2010-10-31,2010,10,5.80582007068031,1.68859546915252,2.13186368361074,4.05852801150779,0.392927813988919,3.00264688324274,0.199600864671545,0.0998502329589535,0.297177038915741,0.0991571722295248,0.773583149654744,NaN,0,0,0,0
2010-11-30,2010,11,1.31109526616413,-3.30999484263446,-0.480539127493884,-6.75734248327249,5.15873687904937,0.76045993852194,0.0996512289739293,0.199401860686521,0.394867245541608,0.395648389507386,0.374716935844965,NaN,0,0,0,0
2010-12-31,2010,12,3.31876394287516,-17.3895616479883,1.5296665375474,-7.13839170777941,-3.21692829333919,1.22354467588384,0.298359246688751,0,0.589392668877764,0.394089179987667,0.373318048262838,3.25108341389964,0,0,0,0
2011-01-31,2011,1,2.33420962543978,24.3529308238684,-0.0949216967332411,4.15616556151726,4.32805083584622,-0.468824112345523,0.39643263019089,0.0995520241501069,1.07161278768428,0.588236990306701,-0.0196136119095414,NaN,0,0,0,0
2011-02-28,2011,2,2.7157426788623,0.44742803949207,1.13315660095505,6.66240276285928,1.18994539097415,1.12150708201399,0.0988630826939563,0.0994530166508412,0.579711768432567,0.778971806533324,0.635481436620289,NaN,0,0,0,0
2011-03-31,2011,3,-3.22810953222188,0.356506616449703,0.655126348722135,3.45523815066597,-3.33055760616743,1.10906866941587,0.49285462011488,0.0993542058878027,0.576370471675069,0.0969462024547951,0.389067702148438,7.23913130504954,0,0,0,0
2011-04-30,2011,4,6.50349183618548,-1.43371631464078,0.558140983819566,-2.87101058824311,1.49395869161868,0.458506076065035,0.294551022975664,0.198412763504674,0.763362485507102,0.290275965796116,0.20365618249798,NaN,0,0,0,0
2011-05-31,2011,5,-2.98195764371023,0.540055318000032,1.19872343641276,2.20844309102937,3.19224552290951,-0.366636524357844,0,0.198019866686217,0,0.193050253005822,2.12794380336154,NaN,0,0,0,0
2011-06-30,2011,6,1.12544727007489,-2.91459610808023,-1.57047107642603,-1.62760893145473,-0.540055318000032,0.366636524357844,0,-0.0989609185165996,0.0950118836319902,0.0963855496306287,-3.48373145706233,0.658691484151319,0,0,0,0
2011-07-31,2011,7,-2.9925874109745,3.0043224487792,2.935990701347,4.62128431551321,-2.28216203062388,2.26151655385056,0.0979911886348717,0.0989609185165996,0.568183346743112,0.192492840958458,2.4637521648387,NaN,0,0,0,0
2011-08-31,2011,8,-21.3095733176409,0.0896459047036835,-0.543972329581788,-4.13981973595909,-0.277392688272471,0,0.0978952598984506,0.197628522821169,-0.0944733183161794,-0.096200103619104,0.239246011050476,NaN,0,0,0,0
2011-09-30,2011,9,-5.01271469506168,-1.62605208717803,-1.74236411472544,-0.192307751574194,-3.77403279828474,-0.808266636467714,0.293112080885916,0.197238722720439,0.188857468786807,0.096200103619104,-0.498276232154193,1.81546349982327,0,0,0,0
2011-10-31,2011,10,10.9927632816055,2.16224640131664,1.19541653427184,-2.73187720787558,1.52674721307884,-0.0902120043138055,0.0975134158205826,0,0.18850146957714,-0.192492840958458,1.20310818141025,NaN,0,0,0,0
2011-11-30,2011,11,-0.858537222087108,1.76683041333137,-0.733948248804595,8.52789177022082,-3.2726693502557,-0.633773058454956,0.19474202843961,0.0984736662539731,0,0,-0.657051356823324,NaN,0,0,0,0
2011-12-31,2011,12,-3.1784894370686,-1.58873597623188,-1.39084300461318,-5.22019723237683,1.74592213717686,-1.37176362287992,-0.19474202843961,0,-0.471921593164648,0,-1.00821824801507,-0.0770861440042125,0,0,0,0
2012-01-31,2012,1,9.07879296633141,2.37373782682457,0.465767027398112,1.61370374029728,-1.35529664047036,0.825314175672087,0.583092031079335,0.294840508429761,0.471921593164648,0.192492840958458,1.29442336610648,NaN,0,0,0,0
2012-02-29,2012,2,5.96752641551799,-20.038113414552,-0.0929800159966909,4.14997309067529,0.873367996875452,1.36056520557784,0.290275965796116,0.19607849419403,0.375940292390542,0.383877630716611,0.683568597354878,NaN,0,0,0,0
2012-03-31,2012,3,1.31495904291938,21.5042888811809,1.20204868541256,1.70178759909989,2.29236399019372,0.718135940866471,0.289435802636451,0.195694778696165,0.46794657219591,0.191387618228411,-0.265277275415787,1.53890735166797,0,0,0,0
2012-04-30,2012,4,-2.70865503056665,-4.10717403160126,-1.85534078957481,-2.15448189867757,-2.3890290533032,-1.98741862070833,0.0962927373393541,-0.0977995187977143,0.0933271182998574,0.0955566245668393,-1.18333282707406,NaN,0,0,0,0
2012-05-31,2012,5,-7.63192990552568,2.46708547765957,1.947210341282,-5.21533450879916,1.7258338229281,2.07682408039647,0,0.293112080885916,-0.280243060570218,0,1.76978929413494,NaN,0,0,0,0
2012-06-30,2012,6,2.39588747173496,-0.874131440157289,-1.20093822112306,1.32955424812442,-2.50253675669407,-1.07817756032889,-0.0962927373393541,0.0975134158205826,-0.281030629925549,0,-0.976172278018339,0.345439737441211,0,0,0,0
2012-07-31,2012,7,5.39963453644674,0.874131440157289,1.10906866941587,-0.66256749721374,0.67994433889238,0.630348777859258,0.192492840958458,0,-0.0938526582263677,-0.286944242795251,0.673914562304834,NaN,0,0,0,0
2012-08-31,2012,8,2.8893744476834,-0.436110590901251,-0.0919540294678889,7.58700871471216,-0.0968523078130445,0.893660996640744,0.288046286535426,0.0974184197843897,0.374883288151917,0.0957395956326934,-0.217813429548563,NaN,0,0,0,0
2012-09-30,2012,9,3.45929892607924,1.99054603468127,-1.20316120523993,-7.39725533709299,-2.3530497410194,-1.88600112001343,0.287218962409597,0.0973236086552198,0.373483160565335,0.382044399738568,0.472903557953064,0.804867803782727,0,0,0,0
2012-10-31,2012,10,0.614502971369824,-1.38052235646731,-1.40649294674038,18.8620790221941,3.31737736819981,-1.36925918376143,0.0955566245668393,0.291403800184931,0.0931532438111837,0.19047624806543,-1.110120988253,NaN,0,0,0,0
2012-11-30,2012,11,1.97563815678787,-0.348129159251176,-0.663195230375102,-22.6288207993681,-2.8225718064629,-0.368324541629672,0,0.19379851026784,0.093066549295262,0.0951022420704106,-0.344069917951195,NaN,0,0,0,0
2012-12-31,2012,12,2.75542336258017,-4.54826496214098,0.75757938084573,0.881926343408157,0.590552897404173,0.368324541629672,0,0.193423657983072,-0.279459893101563,0,1.2558437337387,-1.91902114381541,0,0,0,0
2013-01-31,2013,1,2.12712710909262,-2.40085400520096,-1.13853222251254,2.97955726936978,-0.196463717416506,-1.29511523470782,0.190839752576011,-0.193423657983072,0.558140983819566,0.189933580365231,-0.864079819557517,NaN,0,0,0,0
2013-02-28,2013,2,-0.442714518576892,-1.41178815457845,0.76045993852194,3.90021578032691,2.14015950506674,0.649654257039778,0.28557849013584,0.0967585948735916,-0.278681090718003,-0.0949216967332411,0.152468106532666,NaN,0,0,0,0
2013-03-31,2013,3,0.690095145452041,-4.65651531916045,1.31704631897449,-3.71100096512311,1.90663545021792,2.46700496680212,0,0.289715316115302,-0.279459893101563,-0.0950118836319902,-0.18108177452314,-0.693107605072285,0,0,0,0
2013-04-30,2013,4,1.50744150711386,14.4886735572821,0.373134761285865,1.68701283034851,-2.77662643777248,-0.452284805372649,0.0950118836319902,0.0963855496306287,-0.186741417479563,-0.190295014608655,1.40193638360326,NaN,0,0,0,0
2013-05-31,2013,5,5.3525894929761,-0.516797015844261,-0.560225554866989,1.20093822112306,0.484262447578754,-0.36330648498808,0.284495213223135,0.288600488913549,-0.187090793581124,0,-2.22569583106358,NaN,0,0,0,0
2013-06-30,2013,6,-4.77915562533582,2.89381894923544,1.57922464544198,7.17439048588417,4.34851119397388,-0.182149412839117,0.189214815203798,0.287769982761521,-0.18744147943508,-0.0952834755271859,3.05005647135497,3.64458474965765,0,0,0,0
2013-07-31,2013,7,3.90250698321619,-0.0839278269995525,-1.67290146728067,1.27390257774298,-2.4345771729041,-0.823803285934233,0.188857468786807,0,-0.0938526582263677,-0.190839752576011,-1.55129327259065,NaN,0,0,0,0
2013-08-31,2013,8,-2.1103239074538,0.0839278269995525,2.31599050030971,-6.53827592628522,0.943403223335881,2.45132564783308,-0.0943841504706278,0,0,0,0.548050129201716,NaN,0,0,0,0
2013-09-30,2013,9,5.88580109894004,0.167644632725228,-0.550965581096996,-0.632627505287697,2.50360781613246,-0.0897263406989701,0.188679301257633,0.0957395956326934,0.281294137661448,0.0954654010450362,0.31987984750721,1.79090558754176,0,0,0,0
2013-10-31,2013,10,4.98754992591195,0,-0.739374902493761,0.722677038612751,-1.29034048359076,-0.72072384049493,-0.188679301257633,0,-0.18744147943508,0.0953743515309746,-1.15258715725188,NaN,0,0,0,0
2013-11-30,2013,11,4.02869663138556,1.66116776668961,2.20192382439173,3.97052595926928,1.19872343641276,2.58827478332231,0.188679301257633,0.382044399738568,0,0,1.53696863647133,NaN,0,0,0,0
2013-12-31,2013,12,1.54939838221946,1.63402328458897,0.181323712418102,-1.21846590163672,-1.19872343641276,-0.530036576584081,0.0942063187901354,0.0952834755271859,0.0937646575963846,0.0952834755271859,-0.581833473227888,1.48000738078586,0,0,0,0
2014-01-31,2014,1,-2.60563411467913,1.76711425628104,-0.54496047675654,0.0875273578855307,1.74717088062879,1.58175529797084,0.188146809970569,0.190295014608655,-0.0937646575963846,0,0.197451994008446,NaN,0,0,0,0
2014-02-28,2014,2,4.05980830850012,0.0795861562103539,0.18198367169866,-1.76527090563674,0.0911161794244997,-1.49322054229843,0,0.0950118836319902,0,0.095192772538244,0.13141839871329,NaN,0,0,0,0
2014-03-31,2014,3,-1.41492376207246,-2.6603745517976,0.36297680505788,-2.34244944632129,-2.11696815077129,0,0,0,-0.375940292390542,-0.19047624806543,0.747667034302069,2.37927340790449,0,0,0,0
2014-04-30,2014,4,0.493972147785549,-1.73057470975921,-0.453927243341923,4.0201929940725,2.20800138418591,-0.443459706786609,0.187793482419973,0,-0.18850146957714,0,-1.34041468880195,NaN,0,0,0,0
2014-05-31,2014,5,3.47963441884822,-2.44017155866372,-0.730596857055144,-4.47702339111054,-3.51888157896392,-1.34230203321408,-0.0938526582263677,0,-0.188857468786807,-0.0953743515309746,0.85506746015902,NaN,0,0,0,0
2014-06-30,2014,6,-1.11446667545021,3.92534737226624,0.0916170471779942,-4.01735479085534,-0.283152619573812,1.87421818097411,0.187617315822752,0.0949216967332411,0,0,-1.31853483032494,-0.414410208953342,0,0,0,0
2014-07-31,2014,7,-4.42460591156131,-1.07040956159441,1.99462641823791,7.17219056434795,6.49519517314179,1.14286958236223,0.0936768218386952,0.189573516489894,-0.0945626548007006,0.0953743515309746,2.3239426664718,NaN,0,0,0,0
2014-08-31,2014,8,0.664168285221578,-0.831259981936583,-4.0298493031278,-4.16726964005685,-5.27394937019139,-3.01708776333633,0.0935891504904696,0.094652160403097,-0.094652160403097,0,-2.43777307147779,NaN,0,0,0,0
2014-09-30,2014,9,0.0435998803338222,1.5735314312133,2.40085400520096,-1.67914392972603,1.57483569681398,2.13911899813182,0.0935016430906543,0.18903597311688,0.094652160403097,0,0.615037184998002,1.12919995947394,0,0,0,0
2014-10-31,2014,10,-1.56833548667503,-0.0822030461415046,0.182315456151461,-0.0941176540063537,1.91175599344788,0.527705710084359,-0.187090793581124,0,-0.189393996007059,0,1.0136173127778,NaN,0,0,0,0
2014-11-30,2014,11,6.77687236996292,0.492207720542837,0.18198367169866,0.188146809970569,-2.28008053507756,0.350263055120159,-0.0936768218386952,0,0.094741835603962,-0.0953743515309746,-0.0373587377092477,NaN,0,0,0,0
2014-12-31,2014,12,-1.77196858441544,1.22002326609474,1.6231194928582,0.0939408241936057,3.35632410725681,0.956945101615059,-0.281558140016358,0.0943841504706278,-0.665085586990966,-0.191022025611876,0.614641532698723,3.14490575462223,0,0,0,0
2015-01-31,2015,1,8.67642566501168,0.483871911822309,-1.89621934398136,7.59171997052297,-1.34712409898796,-0.346921423401092,-0.376648279547709,0.0942951507870049,-0.573615339552447,-0.0956480225957179,-0.988998544531938,NaN,0,0,0,0
2015-02-28,2015,2,6.40461838488537,-5.71110911226693,0.182149412839117,-1.49060190856272,-1.4572206859091,-0.260983184237062,0.564441761967682,0.282353128760704,0.0958313441811853,-0.0957395956326934,-0.404002992310648,NaN,0,0,0,0
2015-03-31,2015,3,4.83245227510896,3.02036382027451,0.0909504382840431,-1.87254691234982,0.913248356327312,0.434594338954675,0.0937646575963846,0,0,0,0.712948610885089,0.670703464081157,0,0,0,0
2015-04-30,2015,4,-4.37113158782427,0.494642393532541,0.272356046704036,-3.66677191918816,0.995033085316788,0.432713786388206,0.187265972329165,0.187793482419973,0,0.0957395956326934,0.196105960032433,NaN,0,0,0,0
2015-05-31,2015,5,-0.354725008373258,0.164338574372991,0.632627505287697,4.83009600058883,-0.451060755735,0.945430333912789,0.18691594227036,0.0937646575963846,0,0.0956480225957179,0.61384121317376,NaN,0,0,0,0
2015-06-30,2015,6,-4.19449642556859,-0.990107098271142,-0.361011222409946,-3.34721433324274,2.50013022054176,-0.859111813231728,0,0,-0.0958313441811853,0,-1.21270142905399,2.07946996369515,0,0,0,0
2015-07-31,2015,7,3.27180402783309,-0.415455520714758,0.989661698692057,-0.368664012021913,-1.95910094771703,1.62605208717803,0,0,0,0.0955566245668393,1.14777539607251,NaN,0,0,0,0
2015-08-31,2015,8,-9.73978023516047,0.415455520714758,-1.806733879397,1.28442132742403,-1.99824995873383,-2.31869554896491,-0.093414299179706,0.280767615419819,-0.38424639015453,-0.191204647162557,-0.446346286869836,NaN,0,0,0,0
2015-09-30,2015,9,-6.01609626244244,1.0721752194141,0.0911161794244997,5.75634771366262,-0.736651581676195,-0.0869187364586743,0,0.186741417479563,-0.385728539975805,-0.0957395956326934,0.0652163809391482,0.961805697844653,0,0,0,0
2015-10-31,2015,10,11.613871033426,-1.90481949706944,0.454339718402696,-6.21317811070066,0.919969689842315,1.29591446425055,0.093414299179706,0.0932400999951177,-0.387222168250911,-0.19175461292722,0.130305305109246,NaN,0,0,0,0
2015-11-30,2015,11,4.78754578392238,0.50041805845753,-0.545455897827196,13.8327564888016,0.91158334080097,-1.73164500114611,0,0,-0.0970402793278424,-0.0960153698343014,-0.26078062650825,NaN,0,0,0,0
2015-12-31,2015,12,-5.77981197852235,2.7084133966925,0.817072180704947,1.89579137446136,-0.545952220489898,1.90317162982154,-0.374181914599525,0,-0.48661896511728,-0.0961076479550904,0.167722737790132,1.438386133443,0,0,0,0
2016-01-31,2016,1,-9.20657428814184,-0.487013949604265,1.88093319574962,1.78368435750258,1.08893997992681,-0.515465058866393,-0.0937646575963846,0.0931532438111837,-0.685269446204106,-0.096200103619104,1.18465059651403,NaN,0,0,0,0
2016-02-29,2016,2,-3.13820338693951,4.61130980300917,-0.623054975063653,-1.23744811831852,-1.08893997992681,0.0860955713965161,-0.0938526582263677,0.093066549295262,-0.492369286178462,-0.0962927373393541,-0.322536334534274,NaN,0,0,0,0
2016-03-31,2016,3,4.83225960108715,-1.17234636960593,-0.626961301359508,-1.41068170081811,3.32017935200453,-0.604231445596337,0.281294137661448,0.185873659462565,-0.0987654401272131,-0.192864090640565,-0.983219125633017,2.86134749116513,0,0,0,0
2016-04-30,2016,4,0.734438416433569,-1.98497982200312,0.537635703638095,-0.316205797064839,-2.95588022415441,-0.260078170005684,0.28050509276083,0.185528810174596,0,-0.0965717119958853,0.853912743895879,NaN,0,0,0,0
2016-05-31,2016,5,2.20453912550731,-0.160513678122864,-1.44016890584231,4.26255927119614,0.453515516539138,-0.260756340708124,0.186567218294975,0,0.394477829101625,0.289435802636451,-1.78101588668911,NaN,0,0,0,0
2016-06-30,2016,6,-5.84487007701462,1.03876283615785,1.70790668291394,-2.5356717733132,-0.181159469835102,0.0869943508540416,0.186219793106446,0.0926354860131262,0.392927813988919,0.0962927373393541,1.88262783021553,1.85987480086496,0,0,0,0
2016-07-31,2016,7,6.57068776994372,0.791769773678475,-2.16224640131664,-3.80696249368322,-0.636655174554157,-1.40107370695981,0,0.0925497520942287,0.195886448533322,0.288323121408496,-0.964846523830776,NaN,0,0,0,0
2016-08-31,2016,8,2.438612082166,0.47207011349375,2.60688919703007,-1.22002326609474,0.998646520067581,3.21068793100192,0,0.0924641767219292,-0.0978952598984506,0,0.557777777799995,NaN,0,0,0,0
2016-09-30,2016,9,-0.773999518337298,-0.31446566794715,-0.623054975063653,0.733798645291284,0,-0.256520020954465,0.185873659462565,0.184672259316443,-0.0979911886348717,0.0959232687460343,-0.520495644830188,0.654367136757017,0,0,0,0
2016-10-31,2016,10,1.4544081640377,-1.18813278867522,0.178412179350218,7.88547249158809,3.11274575073188,0,0.278164296187722,0.0922083974968402,0.68393036502421,0.191570939813879,0.307048391966891,NaN,0,0,0,0
2016-11-30,2016,11,-0.231960695029088,-0.239329990584114,0.533334597536239,-0.150262988453509,-1.94524259268158,1.19150345778714,0,0.184162114664943,0.38872740884015,0.382044399738568,-0.130147829098792,NaN,0,0,0,0
2016-12-31,2016,12,7.60500229924546,-0.159872136369632,-2.06008181061508,-0.0752162502553944,5.89425356334505,-1.87879138656335,0.461894585629441,0.275608810197969,0.387222168250911,0.380590373767831,-1.14137266761043,1.66742425415194,0,0,0,0
2017-01-31,2017,1,0.471404504619777,-6.87071980097915,1.79377006866668,-0.301432029292314,-6.97146326153613,1.96335798779765,0.184162114664943,0.0917010609881252,0.674051661384301,0.473710028426932,0.525526735014736,NaN,0,0,0,0
2017-02-28,2017,2,2.55986740548497,15.6718075332504,0.88496152769828,1.34934581029151,3.45932498221417,1.09290705321907,0.18382358117508,0.183150234346829,0.0959232687460343,0.283152619573812,1.7075396316387,NaN,0,0,0,0
2017-03-31,2017,3,3.96336635386803,2.67453599754752,0.263968477077281,-0.447761942129432,1.12701669710393,-0.0836470144966128,-0.18382358117508,-0.0915331871688352,0,0.188323972796489,-0.341029871050136,2.41627205462507,0,0,0,0
2017-04-30,2017,4,1.01120215454902,-0.715822670017019,0.438404910853496,0.373274042968408,-2.1787354184907,1.41257022636481,0.18382358117508,0.0915331871688352,0.382775586976436,0.281822638384188,0.166051698671321,NaN,0,0,0,0
2017-05-31,2017,5,1.413421638218,-0.504142227292625,1.30379943381298,-6.78225963387611,0.964496735918186,0.0824742314790683,0.0917852290228893,0.182815407406256,-0.286944242795251,0,2.16101411573,NaN,0,0,0,0
2017-06-30,2017,6,-2.3251838555554,NaN,NaN,NaN,NaN,NaN,0,0.182481802462942,0,0,NaN,NaN,1,0,0,0
2017-07-31,2017,7,-1.32655582852674,NaN,NaN,NaN,NaN,NaN,0.274851295334955,0.363967644744889,NaN,NaN,NaN,NaN,0,0,0,0
2017-08-31,2017,8,NaN,NaN,NaN,NaN,NaN,NaN,NaN,NaN,NaN,NaN,NaN,NaN,0,0,0,0
2017-09-30,2017,9,NaN,NaN,NaN,NaN,NaN,NaN,NaN,NaN,NaN,NaN,NaN,NaN,0,1,0,0
2017-10-31,2017,10,NaN,NaN,NaN,NaN,NaN,NaN,NaN,NaN,NaN,NaN,NaN,NaN,0,0,0,0
2017-11-30,2017,11,NaN,NaN,NaN,NaN,NaN,NaN,NaN,NaN,NaN,NaN,NaN,NaN,0,0,0,0
2017-12-31,2017,12,NaN,NaN,NaN,NaN,NaN,NaN,NaN,NaN,NaN,NaN,NaN,NaN,0,0,1,0
2018-01-31,2018,1,NaN,NaN,NaN,NaN,NaN,NaN,NaN,NaN,NaN,NaN,NaN,NaN,0,0,0,0
2018-02-28,2018,2,NaN,NaN,NaN,NaN,NaN,NaN,NaN,NaN,NaN,NaN,NaN,NaN,0,0,0,0
2018-03-31,2018,3,NaN,NaN,NaN,NaN,NaN,NaN,NaN,NaN,NaN,NaN,NaN,NaN,0,0,0,1
