date,year,month,T11,T27,T52,T74,T77,T81,T100,T127,T131,T138,d_gdp,ind_backcast,ind_nowcast,ind_forecast1Q,ind_forecast2Q
1992-01-31,1992,1,-0.000273912578948677,-0.00101374546801699,0.000183347742931849,-0.000373734399314195,-0.000418879623662815,-0.000959062165733308,-0.000581604290796677,-0.00011298331830906,-0.000822905849283264,-0.000522218616880789,NaN,0,0,0,0
1992-02-28,1992,2,0.000234292100432623,-0.000800067894524142,-0.000557908678941065,-0.000421042010784029,-0.000208241790683058,-0.000481910430412597,-0.000460426455114057,-2.68630796643825e-05,-0.000144164111528532,-0.000321207142374868,NaN,0,0,0,0
1992-03-31,1992,3,0.000114497215341236,-0.000108710496262289,-8.20748989626396e-05,0.000877584672198571,9.94156389781037e-05,0.000214692001860101,0.000591902299909312,9.31853526864757e-05,0.000717575922424444,-0.000171834862707926,7.22398423029951,0,0,0,0
1992-04-30,1992,4,-0.000292803135228197,0.000239384001361576,0.00130643321690339,0.000304190837915282,-8.18040885238061e-05,4.10937873317524e-05,-1.00075408361106e-05,4.85877251030723e-05,-0.000447839844840317,-0.000311069558379477,NaN,0,0,0,0
1992-05-31,1992,5,0.000426326751057991,0.000453295819263017,-9.40120310032043e-05,0.000605063013095738,-0.000431835268560894,-0.000101318199396499,0.000251450702305762,-0.000112301120063746,-9.56845274552442e-05,-0.000574587077249957,NaN,0,0,0,0
1992-06-30,1992,6,-0.000462377579975526,-6.07188154438581e-05,0.000837685697234188,-0.000514985131571034,-0.000254449636643908,0.00041855246205604,0.000661284100507792,-0.000121480750927387,5.08514773057121e-05,-0.000678412521509483,-3.34270161209496,0,0,0,0
1992-07-31,1992,7,-0.000107922715671978,9.5791944181665e-05,-0.000595341858562035,-2.76788722863016e-06,-0.000421458834335608,-0.000784584444681285,-0.00036936649933984,-0.000460910642260555,-0.00100509082916763,-0.000707263080577249,NaN,0,0,0,0
1992-08-31,1992,8,6.37584222606041e-05,-0.000118771965810894,-0.000561682010578962,-9.93370139479554e-05,-0.000161409464467505,-0.000985518478592904,0.00020297108466432,-4.17456458983647e-05,-0.000347663255072193,-0.000674647355284392,NaN,0,0,0,0
1992-09-30,1992,9,-0.000477749426335192,-0.000535627647851847,-0.00064293095557015,0.00029482764178731,0.000670746932867975,0.000400934168362842,0.000259131323749479,-8.70861771832573e-05,-0.000106354889417118,-0.000846081581230561,0,0,0,0,0
1992-10-31,1992,10,-0.000531165131538225,-0.00168994439953693,-0.000394110062543101,-0.000123876581863736,7.70613782705752e-05,0.000333081366337213,0.00050023099306168,-6.3106585735415e-05,-0.000330863206186327,-0.0010339824758812,NaN,0,0,0,0
1992-11-30,1992,11,-0.000406267187513674,-0.00066971554820632,-0.00181656198939972,-0.00086624993288689,-0.000298817647856908,-0.000648489332155503,0.000195411893037697,-0.000261931509021382,-0.00111563083904163,-0.00107351184007458,NaN,0,0,0,0
1992-12-31,1992,12,-0.00076156818225161,-0.000518328597967145,-0.000781444169384666,0.000319603285675494,-0.000515688807429603,0.000490024307313319,-0.000236118329567886,-0.000398473470221029,-0.00134603850849347,-0.00106072202878792,0.0919540233933702,0,0,0,0
1993-01-31,1993,1,-0.00054867979900992,0.0015743706910258,-0.000772864076500644,0.000209255622128608,-0.000826935276179146,0.00048569354144433,0.000416195100363884,-0.000213165888817239,-0.000330505255311667,-0.00108909880163162,NaN,0,0,0,0
1993-02-28,1993,2,-2.45298500815282e-05,0.000432471179802955,-0.000808390700462249,-0.000326786800696819,-0.000969266534704746,0.00054594630891874,5.13185856456072e-05,-0.00029245351112353,0.00101211008160404,-0.00122460249890117,NaN,0,0,0,0
1993-03-31,1993,3,-0.000396269894392353,0.000186573802664408,8.69023215160294e-05,-0.000417282734645322,-0.0010206171549113,0.000723121189607679,-0.000670635660582703,-0.000210961838626541,0.000397988236478953,-0.00137322790381147,-4.85639312144954,0,0,0,0
1993-04-30,1993,4,-0.00101512262235295,-0.00103866044652168,2.73357686935986e-05,-0.000936723338416362,-0.00137081775761619,-0.000487334563218813,-0.00131918723575378,-0.000146756374236711,-0.00103445433536521,-0.00147714182974433,NaN,0,0,0,0
1993-05-31,1993,5,-0.000547062286745914,-7.77643910570761e-05,-0.000167580717987867,-0.000196486348973135,-0.000968439552283782,-0.000640522225518276,-0.000285202718356586,5.38608501142778e-05,-0.00114922056140103,-0.00143954547345931,NaN,0,0,0,0
1993-06-30,1993,6,-0.000867068888046932,-0.00147147933105145,0.000281111769317743,0.000417364554292027,-0.00108180602493314,-0.00283223936138158,-0.000782773292472441,-0.000131436894757485,-0.00121259515786466,-0.00151933404675003,0.883156479851621,0,0,0,0
1993-07-31,1993,7,-0.000473638895179114,0.00162037609941163,-0.000953357304381624,-0.00044126252581216,-0.000757274268498804,-0.000537894953319128,0.000198621431279364,-0.000420890298024453,-0.00118816131123455,-0.00182920336592271,NaN,0,0,0,0
1993-08-31,1993,8,-9.85858628671015e-05,-0.00162091065904548,-0.00313746367316098,-0.000413382887768887,-0.0010505428761657,0.00105424409646618,-0.000409388642939404,-0.00032567723108154,-0.00140977580877816,-0.00166586813664021,NaN,0,0,0,0
1993-09-30,1993,9,-0.000158815181621554,0.000272982779480192,0.00300217235982386,-0.000242543454388498,-0.000683449923894827,0.00144100550177811,-4.94838079509764e-05,-0.0001473559089638,0.00019983142472988,-0.00163177321605349,2.96057787288611,0,0,0,0
1993-10-31,1993,10,-0.000515100005881696,0.000325656820910552,-0.000921391005056984,1.51633654146417e-05,-0.000712938682869021,0.000272646014954981,-6.17363552515804e-05,-0.000512274901461119,-0.000689125229372677,-0.00175151462200261,NaN,0,0,0,0
1993-11-30,1993,11,-7.36102614100528e-05,0.00127994273496333,-0.00138311519600299,0.000233922040357347,-0.000278499597505341,0.00164883450837173,0.00011359145447952,-0.000137434002449863,-0.000661061313146252,-0.00177916011937489,NaN,0,0,0,0
1993-12-31,1993,12,-0.000321557286048294,0.00229032482329223,0.00161748133170705,-0.000384923015581158,-0.000864792551146594,0.000850199632391577,4.09003884982262e-05,0.000207485188678337,-0.00103447181701779,-0.00164481129116467,0.874719805335644,0,0,0,0
1994-01-31,1994,1,0.000179484383586556,0.000809000049039702,-2.99361612960624e-05,-9.24429143449682e-05,-0.000107962697436772,0.00179249443467733,-0.000428050230498405,0.000261187547805123,-0.000890803423326352,-0.000229612026432771,NaN,0,0,0,0
1994-02-28,1994,2,-0.000346207958374594,-0.00141797367410412,0.00182014235798055,-0.000680983602583641,0.000925363477279134,0.000639437089613446,-0.000705943675203786,-4.84662789300129e-05,0.00302991047777222,0.00116964745228116,NaN,0,0,0,0
1994-03-31,1994,3,0.000169367508312559,0.000416938458380778,0.00166334640237546,0.000152540690347298,0.000420254253363224,-0.000738116140951951,-2.53158143236943e-05,5.3041991539879e-05,0.00153759532274927,0.0017042930662728,4.61798579519055,0,0,0,0
1994-04-30,1994,4,0.000375479136535122,-0.000163966688254292,0.0007584659002066,0.000711409425026652,0.000808069622717806,-0.000499638368744695,0.000230070026450844,0.000819224396886814,0.00192751835424865,0.00271351152474701,NaN,0,0,0,0
1994-05-31,1994,5,0.000157196186569216,-0.000275100744840332,-0.000117138603833104,0.000288051156907697,0.000672591371770694,-0.00158507284141993,-3.61427835947743e-05,-0.000320876314798948,0.00110658334513659,0.00140098902786079,NaN,0,0,0,0
1994-06-30,1994,6,0.000760668723538225,0.000623087446234705,-0.000351171540990645,0.000483172651613657,0.000615049382921492,-0.00106175340549595,0.000480500134503677,9.73276666263765e-05,-0.000397556723185744,0.00136612373346606,1.63321084329446,0,0,0,0
1994-07-31,1994,7,0.000566119905939501,0.00106000175099224,-0.000948089017693923,0.000185796421478422,0.000656526228237644,-0.000276008476949623,-4.08197661506667e-05,4.25614056303774e-05,-0.000827148085347892,0.00209233698523963,NaN,0,0,0,0
1994-08-31,1994,8,-0.000511928003149815,0.000230295748194048,-0.00146463547402556,-7.00777814215066e-06,-0.00012900353714877,-0.000429942737959609,-0.000243216942620103,-0.000266273808331248,0.000368534684420829,0.00130585855098558,NaN,0,0,0,0
1994-09-30,1994,9,0.000713457180642467,-5.49698604406159e-05,0.00149973462161033,-0.00040442157802142,0.000134967254128664,-0.000357777057007045,0.000376295308828126,-9.91235418900424e-05,0.000349145478524772,0.000898056686201908,3.24655147122925,0,0,0,0
1994-10-31,1994,10,0.000374002530013025,-9.67398419775033e-05,0.00114774277448675,0.000593413536791142,0.00041020797879732,-0.0002746404049726,0.000253290040471133,-0.00019187257684932,0.000582805247208358,0.00203714213559903,NaN,0,0,0,0
1994-11-30,1994,11,0.000608876157634545,0.000315621810070635,0.000776188951972557,0.000422889899018824,0.00190887655348642,0.00264339117411228,0.000174591975995828,-0.000234884719095626,0.00017986775190826,0.00125009589064407,NaN,0,0,0,0
1994-12-31,1994,12,0.000257975035762348,0.000154778489279487,0.000812203691107919,0.00106271906738078,-0.000357785718662708,0.000968768633358633,0.000372193692946171,0.000743055983840885,0.00025840411664313,0.00122974778771653,3.17586236400302,0,0,0,0
1995-01-31,1995,1,-0.000343052806712671,-0.000604889417063658,-0.000278385110839477,0.00076780462292474,0.000562653808171739,-0.00109015978704103,-0.000356877938448273,0.000390103885866481,4.62106340374418e-05,-0.000129451607040169,NaN,0,0,0,0
1995-02-28,1995,2,-0.000168548053971304,-0.000526247632785092,0.000180277028203718,-0.00116915368962613,0.000233533445408247,-0.000285193768139947,-0.000206349950005143,3.0802262969644e-05,0.000100252470097346,0.00201481530889139,NaN,0,0,0,0
1995-03-31,1995,3,1.31613950370877e-06,-0.000530377689388919,-0.000316979470500185,-0.00106659192468771,0.000129814434145734,-0.000524233591359137,-0.000126513760965813,-0.000439366407547017,0.000270917976479575,0.00194426987790983,0.133637731628866,0,0,0,0
1995-04-30,1995,4,-0.000305555987751863,-0.000479135532874861,-0.000809794875875568,-0.000557064307831968,-0.000379469210560693,-0.00148310409898605,-0.000159455457425631,0.000527816219871237,2.44549531931938e-05,0.00145331167249853,NaN,0,0,0,0
1995-05-31,1995,5,-0.00114598716027397,-0.00055709489828547,-0.00195979093334388,-0.000561902901368303,0.000351122937373479,-0.000639903186190568,-0.000568526587601151,-6.67943953257395e-05,-3.49368821926461e-05,0.000704159629428321,NaN,0,0,0,0
1995-06-30,1995,6,0.000461099880373728,-0.000620639711182363,-0.00151848443039205,-0.000768729799051298,-0.000327043659399018,-0.00137196014232622,-0.000193574026493507,0.000172713857436994,-0.000468997521739825,0.000490807435389913,4.07669419947183,0,0,0,0
1995-07-31,1995,7,-0.000520426889138616,1.97751381356455e-05,0.000302706298208826,1.97193048986531e-06,0.00117712837602898,0.000914688927604396,-8.13262199898133e-05,0.000265903797220916,0.000532771288409571,0.000410343695518947,NaN,0,0,0,0
1995-08-31,1995,8,0.00018020062293781,0.000279545221008282,2.68239335745997e-06,-0.000669477144429952,0.000109653072848745,0.000848598365170512,-6.14978655836825e-06,0.000618968930870053,-0.000514955065223814,-0.000333428470537981,NaN,0,0,0,0
1995-09-30,1995,9,0.000149577026690946,-5.92469620433797e-05,0.000986780832246881,0.000179810980956928,2.4185487776828e-05,0.00104221659070647,7.74076537225892e-05,-0.000573330392263615,6.47442266683577e-06,0.000240123077897069,0.616740210287148,0,0,0,0
1995-10-31,1995,10,0.00036397611520874,-0.000365081914752762,0.000469236313872708,-5.54101362403385e-06,-0.000169865509048599,0.00065808449323879,-0.000348834610575992,-0.000336450264109682,-0.000192192119914188,0.000771229032029799,NaN,0,0,0,0
1995-11-30,1995,11,0.000536919477892359,-0.000124510322330647,0.00126792042434388,2.76647126643902e-05,0.00125887199155538,-0.00113055604944093,0.000392885119526233,-4.35949006982056e-05,0.000760800942711811,0.000574769813215324,NaN,0,0,0,0
1995-12-31,1995,12,-0.000660245572912971,-0.000132501728617584,0.000106700350261217,9.12687704070105e-05,-0.00018042111712217,-0.00155836481368973,0.000350376166935324,2.65685959427797e-05,0.00117968772621597,0.00022741868897465,-0.308251240003088,0,0,0,0
1996-01-31,1996,1,-0.00103703602020388,9.9121323836586e-05,-0.000514762872751483,0.000712286205527017,-0.00110721446578869,0.000176336276480382,0.000165439184122981,-0.000367726263234519,-0.000536707880082125,-0.000962736879480487,NaN,0,0,0,0
1996-02-28,1996,2,-0.000570412601264934,0.000319048806007964,0.000200385489303305,0.000365254751951951,-0.000180371232424229,0.000689665661135144,0.000138729493914515,-0.000670090073696997,-0.000774648015511136,0.000263990103871929,NaN,0,0,0,0
1996-03-31,1996,3,0.000302919266988001,0.00108127675840644,0.000479421171134139,0.000219903780114234,0.000580296111044289,0.00126168133365914,5.9602709613766e-05,-8.69121274747956e-05,-0.000748963168935054,-0.000397749646573817,-3.09564839718242,0,0,0,0
1996-04-30,1996,4,-0.000370471650495609,0.00162568255516995,-0.00135880251520369,0.00062640295784876,0.000361711482470314,0.000679875189018685,0.000244040819918431,0.00139006667551251,-0.000397913121253769,-0.000360843437470732,NaN,0,0,0,0
1996-05-31,1996,5,0.00210897336111067,0.000812436566861344,-0.000609097776627749,0.000624213122499928,0.000464164166063509,0.00056259119551489,0.000400146297739283,-0.000377978718630402,0.00214113474458193,-0.000325146289365511,NaN,0,0,0,0
1996-06-30,1996,6,-0.000807034454427224,0.000353087460226444,-0.0001714820687592,0.0003552305493632,-0.00125341462987656,0.00057585280415541,-0.000408695396674761,0.000710856094914154,0.00411318983944766,-0.00133336645166161,6.21123652519806,0,0,0,0
1996-07-31,1996,7,0.000137242781612433,0.000726298020507987,-0.000775353262083694,0.00075641716944227,-0.000974051681650255,-0.00049442964492974,0.000331690797272418,-0.000114582705843896,-0.000293111369299963,-0.000242296289292604,NaN,0,0,0,0
1996-08-31,1996,8,0.000397319443529887,2.19630528865233e-05,0.000134673224637578,0.00093908127687236,-0.000532280934043405,0.00078088107493698,-0.000684118818422848,2.19113213770889e-05,-0.00058976386663833,-0.000927047105310395,NaN,0,0,0,0
1996-09-30,1996,9,-0.00023241413127942,0.000574664330068054,0.000712153659095303,-0.000127471033609941,-0.000664596714562958,0.00112130556832217,-0.000506794773495675,-0.00066418544115346,0.000812924014751982,0.000258940661916413,1.96217758707746,0,0,0,0
1996-10-31,1996,10,-0.000447582968878322,0.000447425250430634,0.0024132907025692,-0.000159926445661168,0.0012183272006167,0.000857146012345135,-0.000133489618030911,-7.88938420799029e-05,0.00094506577681481,0.0012649901933991,NaN,0,0,0,0
1996-11-30,1996,11,-0.000358608528155881,0.000462073132926042,-0.000766948155682073,0.000256884800844221,0.00215784269176313,-0.00128205447587133,0.000226013925974586,0.000160669970842142,0.00158559346918647,0.00064202569653694,NaN,0,0,0,0
1996-12-31,1996,12,-0.000535011403408018,0.000116844536922415,-0.00100401862826829,0.00100651767180698,0.000873999425411059,0.000672053389121408,0.000195980773971675,-0.000412238167044588,-0.000795729943777269,0.000575737513453132,1.86601911506941,0,0,0,0
1997-01-31,1997,1,-0.00108299321284414,0.000154060348082725,0.00110598917897354,0.000606810616839066,-0.00114103642693469,-0.000300682630202542,0.000300380009955522,-0.000289294099491738,-0.000538680007825436,-0.00114247881254554,NaN,0,0,0,0
1997-02-28,1997,2,-0.00138969226762797,0.000169281944194134,0.000164506026157953,0.000675648292004594,0.00103271623712525,-6.93138605421497e-05,0.000589008902359677,0.000651411172461658,0.000159632076078409,0.00136038982608861,NaN,0,0,0,0
1997-03-31,1997,3,-0.000850691943431286,0.000443907829817477,-8.83095228789471e-05,-0.000536374344843583,0.000386232327792322,0.000166533459931706,0.000110158625043259,0.000534479895161004,-0.000208339954432394,0.00131193466014959,-1.90951865292952,0,0,0,0
1997-04-30,1997,4,0.00105218295835453,0.00046789480154283,0.000105471494936936,0.000372150169668134,0.000415386465445928,0.00108691275166126,0.000238170113686608,0.00110238474846763,-0.000649206914624258,-0.000510330448159807,NaN,0,0,0,0
1997-05-31,1997,5,-0.000411140771153952,0.000449011477889557,-0.000225738146428838,0.000212011948701616,-0.000269976792582443,-0.000288388643816534,0.000583918986337837,0.000479236586643499,0.000513267582054645,-0.000756139184106228,NaN,0,0,0,0
1997-06-30,1997,6,-0.000651598305706829,0.000504890197836683,-0.000668589150788517,-0.000343757338731802,-0.000613758816105198,0.000902931870098904,0.00105742965033352,0.000809959013750776,0.000196768200765768,4.96295049009565e-05,5.14351460156028,0,0,0,0
1997-07-31,1997,7,-0.0004525352558583,0.000628515637072021,0.000123110504779203,-0.000701332183820172,-0.000210442095912404,0.000552120728698555,0.000734200420601163,-0.000118569517922647,0.000195958364843142,0.00145865963259001,NaN,0,0,0,0
1997-08-31,1997,8,-0.000921733362794091,0.00013246322490215,0.000786625843719551,-0.0013605324540821,-0.0010076832883436,0.000160292755332824,-0.000413370641207403,0.000267219818340625,0.00184470760773026,0.000802826332804081,NaN,0,0,0,0
1997-09-30,1997,9,0.000424163106814581,0.000481748312880272,0.000936240743716027,-0.000552031485365743,-0.000114074974820697,-0.000176536108803977,0.000542402155489358,0.000555044429574725,0.00124636891596372,0.000170343776713385,1.37191988721952,0,0,0,0
1997-10-31,1997,10,0.000389257512966265,0.000526321862083759,0.000287441103097389,0.000764475539354509,-0.00074678555543053,0.000148756481854716,0.000386185991448928,-0.000154278585333149,0.000157457208433529,-0.000333304451682189,NaN,0,0,0,0
1997-11-30,1997,11,-0.000413010473144347,-0.000735765262122701,-0.00017964893647168,-0.00150952398279265,0.000173181444293759,-0.000251234584904806,-0.000131760755519885,-0.000219969091712918,-0.000145589683255516,-0.000351029821851783,NaN,0,0,0,0
1997-12-31,1997,12,-0.00135629880413319,-0.00116365978306823,-0.0017661960392929,0.000520529984647822,0.00111760267378712,-0.000971429481574842,-0.000574723924744284,-0.000784511215553029,-0.000958357276504951,0.00025413102250463,3.02724889987687,0,0,0,0
1998-01-31,1998,1,-0.000494378885667366,-0.000265577741349268,-0.00274317538843606,6.58787062322401e-05,-0.000273453635860944,0.000386557117189512,-0.000980120189933718,-0.00043351341832967,0.000575545142644859,-0.000386430221445872,NaN,0,0,0,0
1998-02-28,1998,2,0.00145561895824101,0.000954324001316544,-0.000395088667492748,-0.0005269348443997,0.00050985747192397,0.000407099646131121,-0.000518246156742729,-0.000234319960153907,-0.000105779461962218,-0.000678431006065779,NaN,0,0,0,0
1998-03-31,1998,3,-0.000618572145479262,0.00103341794791481,-0.000859527710692431,-0.000522981884142743,0.000159992027985245,-0.000794876761122324,0.000464009347221671,-0.000206855873749241,-0.000419724698748356,-0.000391891319314318,3.88886081175244,0,0,0,0
1998-04-30,1998,4,-0.0012915577701235,-0.000136216350922131,8.61068307056639e-05,-0.000335796567926444,0.000308533367694178,-0.00036471294303001,0.000535273766422484,0.000555457960570334,-0.000105903343606917,0.000120539251743484,NaN,0,0,0,0
1998-05-31,1998,5,-0.000174363513584703,-0.000861808383063502,0.0021513458559476,-0.000506060389773205,0.000309565113380513,-0.000335868932377621,-0.000129429217371204,0.000368994256080593,-0.00030859462917326,0.000188824576674234,NaN,0,0,0,0
1998-06-30,1998,6,0.000802893391290579,-0.00308552438253639,0.000974337956397139,-0.000880824766481103,-0.000595830391197106,-0.000960067361462553,-0.000928582886199001,-0.000420491494717341,-0.00407655109184185,-0.00119431959429493,-1.81291482930064,0,0,0,0
1998-07-31,1998,7,-5.14089920206248e-05,-0.00241894252698619,-0.00219772961756063,-0.000263768596561419,0.00143443421336973,7.87805107145263e-05,-0.000187197537783806,-0.000473316266196154,0.000212211037494656,-0.00178172993622383,NaN,0,0,0,0
1998-08-31,1998,8,0.000508902955312043,-0.00104310595415295,-0.00197214825872806,-0.001224458988104,-0.000642725738928079,0.00018303517698112,-0.00070246814361732,-0.00159059487391563,-0.0005313946951771,-3.23963635700716e-06,NaN,0,0,0,0
1998-09-30,1998,9,-0.00197693252934,-0.00762719744008894,-0.00102546173079583,-0.00281976976459618,-0.00135458681367686,-0.00084568575500253,-0.00190309926619986,-0.00103161599267649,-0.000292963550627028,-0.000347641373954388,1.30781111070384,0,0,0,0
1998-10-31,1998,10,-0.000778551977312836,-0.00395779852484335,0.000952781957612465,-0.00321741213024823,-0.00114616887460393,-0.000654530819342605,-0.00160045737566672,-0.00175222255271369,-0.000760318865738213,-0.00146555272687355,NaN,0,0,0,0
1998-11-30,1998,11,-9.03140049021448e-05,-0.000963698211051807,-2.74884293827381e-05,-0.000515005941316977,0.00097130743588573,-0.000316160607561027,0.00032976761165663,-0.000431457315372271,-8.92098953214086e-05,-5.95602949760107e-05,NaN,0,0,0,0
1998-12-31,1998,12,0.00133546366446264,-0.000451561032105274,-0.000594578723992672,-0.00121113719076198,0.00197267597694032,-0.000757135496213146,0.000359959212573681,0.000243845443153406,0.000502689211354666,-0.000269813758529151,-0.758853515964475,0,0,0,0
1999-01-31,1999,1,0.000472752278734945,0.000608285516540131,0.00134064659922616,-4.32479130660473e-05,-3.69011171485579e-05,-0.000100617587537823,-0.00025328018480935,-0.000315268725518892,-0.000185797267727537,-0.000340503681021316,NaN,0,0,0,0
1999-02-28,1999,2,-0.000414696607078575,0.000509129419973207,0.00145184728922655,-0.000195496841581971,-0.00118235163363327,0.000564806840662329,0.000189829707840402,-0.00102572435921334,0.00046889793067916,-0.00056793206022458,NaN,0,0,0,0
1999-03-31,1999,3,-0.00150901984536673,0.00158333063713958,0.00258071946762495,0.000377603223776465,-0.000756707320227436,-0.000307172686611987,0.000408405949671364,-0.00109231055744321,0.000944248444385307,0.000567445676112864,4.3230051960105,0,0,0,0
1999-04-30,1999,4,-0.000911292098030624,-0.000151838653779623,0.000990664859055199,-0.000699527859224464,-0.00146790244337956,-0.000852844548010512,-0.000494642573314404,-0.00123667708157388,-0.000383033090273466,0.000664489881098813,NaN,0,0,0,0
1999-05-31,1999,5,0.00246146292094879,0.000270314707923845,-5.40048750939301e-05,-0.000288257892254543,-0.000648639593729842,-0.000435026174909104,-5.22088224811467e-06,0.000450112488406398,-0.000493965818133398,0.000693557158212833,NaN,0,0,0,0
1999-06-30,1999,6,0.00230201060117041,0.00112426767982505,-0.000368323378966082,-0.000447960176805679,-0.000288216829556559,8.39379758243997e-06,-0.00021306436766124,3.89818771213365e-06,-0.000501088792657091,-0.000755955127868893,-0.167014616205208,0,0,0,0
1999-07-31,1999,7,0.00147461727484616,0.00116049850657895,-7.29527205319906e-05,-9.64246454193628e-05,0.0013582492112643,0.000294295485295146,-7.0836522140711e-05,-0.00100613962354566,-0.0005185487054246,0.000197221557361118,NaN,0,0,0,0
1999-08-31,1999,8,0.00124199406722005,0.000659851171911541,-0.000418520977413408,0.000200878084290679,0.000899292429384364,-3.57528123226666e-05,-0.000138375354414558,0.00036769173177243,-0.000777776710440929,0.000283308417167057,NaN,0,0,0,0
1999-09-30,1999,9,0.00117506651169383,0.000625758072400515,-0.000242066742612328,0.000271752517613038,0.000575510759517562,9.19337537025271e-05,-0.000177482719025842,0.000568951333714327,-3.44127686678053e-05,-0.000569979457520103,5.10406842349163,0,0,0,0
1999-10-31,1999,10,0.00242697408481429,0.00146501754320709,0.000148881229553469,0.000821873253956029,0.00145292998434518,0.000111876300367924,0.000100804653385186,-0.000304028281676308,-0.000137619035835198,0.000532877730591802,NaN,0,0,0,0
1999-11-30,1999,11,0.00124884112003816,0.00045179928618171,0.000405939254390463,0.000327125895835938,0.00269596418665087,-0.000787613751882739,-0.000130219251179529,0.000758746041534371,0.000429454311458575,0.00060497582108031,NaN,0,0,0,0
1999-12-31,1999,12,0.00104041597007498,0.00127924654887115,0.000688240709849581,0.000983518614278283,0.000671291715314418,-0.000426066440253619,0.000315014515594535,-0.000281337473252518,-5.68517346566794e-05,0.000128467829469225,4.22459707468796,0,0,0,0
2000-01-31,2000,1,0.00317502597845576,0.000763941995853263,0.00217711723426394,0.00409139331785711,0.000411041550561797,-0.000256350364129919,0.000298162452410394,0.00141669249531863,-0.00059965073339848,0.000545294977315202,NaN,0,0,0,0
2000-02-28,2000,2,0.00468507429365651,0.000484521856181382,0.0014533388757561,0.0019443223656567,-0.000106077505016408,-8.94985049141316e-05,0.000719238322197371,0.00150160913721161,-0.000575894304470968,0.000598095873004109,NaN,0,0,0,0
2000-03-31,2000,3,0.00420671860791602,0.00120708334997166,0.00336887859889671,0.00314237688777531,0.00084160809552013,-1.59168988765918e-05,0.000268018273549247,0.00128853587490738,0.00096071677657529,0.000805024903214155,4.66465763919608,0,0,0,0
2000-04-30,2000,4,0.000874902116843209,0.00119902172952145,0.00172343193389418,0.00173153726123532,0.000543999912483253,0.000495206178857025,-0.00022843579617864,0.00204182671438223,0.0013549402000617,0.000188148437712239,NaN,0,0,0,0
2000-05-31,2000,5,-7.07385719470142e-05,0.000800933966157642,-0.000640228945934562,0.00174805380812002,-0.000139176502905357,-0.000657224534160444,0.000173027142247288,0.000187384950946036,0.00160759349339964,-5.43972908732369e-05,NaN,0,0,0,0
2000-06-30,2000,6,0.00092561645811695,0.000953676869446009,-0.000794756161131926,0.00283514153132408,-0.000815636141174301,0.00135456742217458,0.000575592205819256,0.000168675958401904,0.000380904941737923,-0.000102863871421158,4.45139688399507,0,0,0,0
2000-07-31,2000,7,-0.000110770491814349,0.000908186738039074,-0.000981819008030765,0.00174982920099201,-0.000839768476149401,0.000894878353421824,-7.28107698394117e-06,-0.000925198877136755,0.000214718710070595,-7.75628368007733e-05,NaN,0,0,0,0
2000-08-31,2000,8,0.000523796000968558,0.00077987282109519,-0.00109312350633659,0.00167173280992982,0.000614644925359917,0.000185227356952027,0.0012833949209338,0.000267098802597436,-0.000741076572454787,0.00118520663151915,NaN,0,0,0,0
2000-09-30,2000,9,0.000388730620980008,0.000614292824392524,-0.00138380624235549,0.00153764407811469,5.03435614468009e-05,0.000125956308427718,0.00166412444611828,0.00186006779979846,-0.000685594613923422,0.00116834698504542,-0.199451512484572,0,0,0,0
2000-10-31,2000,10,0.00181103167433441,0.000764289215865318,-0.000233502900404651,0.000741091280390564,0.000375620426999796,3.37116953267377e-07,0.000396723857166773,0.000593950949693846,0.00112117319528377,0.000678957474446841,NaN,0,0,0,0
2000-11-30,2000,11,0.00158247846915871,0.000332129697024903,3.39198270053973e-05,0.00050568207489817,0.00112708902982614,0.000238156264223127,0.000609483825415861,0.00191940329394189,-0.000324568143038145,0.000296300499492826,NaN,0,0,0,0
2000-12-31,2000,12,0.00037777080459394,0.000543141822757736,6.87070885322397e-05,0.0016711785612702,0.000793405717236376,0.000604507127603956,0.000230158183587076,0.000429856354004075,-0.000268873198776624,9.68660132833405e-05,0.319074700337296,0,0,0,0
2001-01-31,2001,1,4.85247251452522e-05,0.000945725836135422,-0.000905912914180506,-0.000761763562467385,-0.000503500542417373,0.000812910924510411,-0.000325751288604192,0.000630441003391816,-0.000504245083892355,-0.00103385054386829,NaN,0,0,0,0
2001-02-28,2001,2,0.00122699457799888,0.00118050325353704,0.00121063578774184,0.00293236511089628,-0.000453175407226208,0.00305032313537473,0.00132340838033161,0.00223177325272348,0.000864741003682138,0.00149806937333683,NaN,0,0,0,0
2001-03-31,2001,3,0.000252478827329987,-0.001379638839206,0.00122010298643631,-0.000249395099098581,0.000787053034394164,0.0019653242020835,-0.00114061972550386,0.00149090637924231,4.27485133746502e-05,0.00141505545328511,4.04604798419506,0,0,0,0
2001-04-30,2001,4,0.000287457729185281,-0.000274890487705201,-1.08071791996043e-05,-0.00105000370565236,0.00144526888222576,-0.000793181184318267,0.00013348250819192,0.00106868793045913,-0.000775692919540164,7.19476190271151e-05,NaN,0,0,0,0
2001-05-31,2001,5,0.000295079819795523,0.00130781173924231,0.000372987860501093,0.000172820879942355,0.000533095328205692,0.000175322736078867,-0.00102982959578018,0.000257585065183516,-0.000502367751308386,0.000139901080097593,NaN,0,0,0,0
2001-06-30,2001,6,0.000644153125510299,0.00137264901526419,-0.000412687906510061,0.000540038466748152,-0.000774242935314156,0.000175377381580323,0.000626266477231333,0.0014246697574821,0.00266085236195987,0.000366548699311744,0.315612995958148,0,0,0,0
2001-07-31,2001,7,-0.000589340641524246,-0.000891711725081216,-0.000413831104109542,0.000822640230038448,-0.000164957914209863,0.000784841789215258,0.000254732187456125,-0.00100038566827014,0.000315782011277581,-0.00117392407552559,NaN,0,0,0,0
2001-08-31,2001,8,-0.000598485320759571,-0.00121484923136656,0.00157521248160539,-0.000804489439322402,-0.000193902082792243,0.000409326856148543,0.000594033533910036,2.14760470195492e-05,-0.000117241847264717,-5.70708686624646e-05,NaN,0,0,0,0
2001-09-30,2001,9,-0.00155585494968701,-0.00435976460849176,0.000401841079390027,-0.00351846611396598,-0.00177454573526258,-0.000372218770841031,-0.00245939403820291,-0.000972983145571381,-0.00146718542580708,-0.00108983846208312,-0.71047976050238,0,0,0,0
2001-10-31,2001,10,-0.00285184404619604,-0.00473534996049218,-0.00399703370441728,-0.00444092209471126,-0.00220479619175231,-0.00337978883676971,-0.00301180090127964,-0.00226917663077436,-0.00118761037394994,-0.00199887680082729,NaN,0,0,0,0
2001-11-30,2001,11,-0.00243264650062419,-0.00250058143472985,-0.00267143980808392,-0.00312668631857482,7.34426273905395e-05,-0.00274757434115457,-0.000819756068618604,-0.00119398430597167,-0.0005201852521766,-0.000371576175484581,NaN,0,0,0,0
2001-12-31,2001,12,-0.000282848968240103,-0.000407956711264821,2.70281948128067e-05,-0.000379845760876395,0.000459868426485462,-0.000564536798911338,0.00164777559415855,-9.3950977752137e-05,-0.000849338087816419,-0.000521615870261189,0.986436998077167,0,0,0,0
2002-01-31,2002,1,-3.2152987210738e-05,-0.0010624350288221,-0.000782007218743039,0.00187679253757546,-0.00151707605433527,-0.00080454566389023,-0.000520251077014705,-0.00129776200386763,0.000941684701523695,-0.000115030893835734,NaN,0,0,0,0
2002-02-28,2002,2,-0.00107129237141368,-0.00121977289452744,-0.000822900532349911,-0.000397043572827174,6.84581940284124e-06,-0.000134368974504115,-0.00102872530102842,0.000131030289641362,-0.000419288602544356,-0.00064594131608042,NaN,0,0,0,0
2002-03-31,2002,3,-0.000447061002512528,-0.000870048982867009,-4.43280409391347e-05,-0.000984265756378728,-0.000232157212371648,-0.000249671952441954,0.000944176608119128,-0.00119519019196708,-0.000672786304967896,-0.000106325255813215,-1.61903572635005,0,0,0,0
2002-04-30,2002,4,-0.00185435760039335,0.000433367463976913,-0.000517929602443285,-0.00178550157711714,-0.0017108601966968,-0.000472410975245612,-0.000213835531598461,0.000390090530083668,-0.000630127578701924,0.000177704250284611,NaN,0,0,0,0
2002-05-31,2002,5,-0.00155819833907567,0.00131465719428053,0.000237043798687784,0.000206557627663364,-0.00133790311717946,-8.87027245138034e-05,-0.000437821504524022,0.00195957520405257,-0.00053105908069476,-0.000443472707496661,NaN,0,0,0,0
2002-06-30,2002,6,-0.00172787265114034,-0.000105259045215508,-0.000898456388438056,0.000488043004723743,0.000299940921194212,-4.55542326419263e-05,-5.77781294508019e-05,0.00171548073113533,0.000963499160404311,-0.000487871460178921,0.869565559847629,0,0,0,0
2002-07-31,2002,7,-0.00267571137794074,-0.00101887508569675,-0.00152721536071196,-0.00361687704536924,-0.000735735364102866,-0.000309203473239092,0.00046468060346184,-0.000711731660692879,-0.000700854139268338,-0.00139155781207179,NaN,0,0,0,0
2002-08-31,2002,8,-0.00123655071353939,-0.00137827862171972,0.00132302390733524,-0.00470097931465078,0.000319795055640792,-0.00145829771484854,0.000214256801036659,-0.00233848450835812,-0.00119913117612587,-0.00185815637270201,NaN,0,0,0,0
2002-09-30,2002,9,-0.00087985872956823,0.000678056209555466,0.00107326062638863,-0.00104548002580039,-0.000887132593958766,-0.000314015932710316,0.000576304115844372,-0.000484951047059834,-0.00122335935786935,-0.000542844675342183,1.45820152624516,0,0,0,0
2002-10-31,2002,10,-0.00142919812792375,0.000646504560897616,-0.000118565456176571,0.00120066319765462,-0.00100855641671912,-0.000401336720461536,-0.00110679045626246,-0.00251498501975479,-0.000431143074374496,-4.87712268622063e-05,NaN,0,0,0,0
2002-11-30,2002,11,-0.001295421095022,0.00163518247312442,0.000512323059461235,0.000701185023439752,0.000890165649392821,0.000985507099735346,0.000465652920770778,-0.00036542519695524,-0.000319663512628349,0.0021050860151085,NaN,0,0,0,0
2002-12-31,2002,12,-0.000966967606192366,0.000120906860500046,-0.000116058693554278,0.000564151436248495,-0.000906783106868456,-0.000371946936688456,-0.000567610306699192,-0.00206422790150519,-0.00112215580766453,0.00113676337593724,-0.748142168188792,0,0,0,0
2003-01-31,2003,1,0.000237074916334709,-0.00107342356603015,0.00220558917116576,-0.00104160493386443,-0.000838132970147717,-0.00169051680884157,-8.74126041134819e-05,-0.00242582669283712,-0.00137708450833858,-0.000296155309229097,NaN,0,0,0,0
2003-02-28,2003,2,0.000288943797329624,3.75415465872262e-05,0.000268342471615971,-0.00341074978274173,0.00024314885189167,-0.000634498309870753,9.66677271882668e-05,0.000293995943801219,-0.00111210863444997,0.00132645924316972,NaN,0,0,0,0
2003-03-31,2003,3,-0.00293780757047088,-0.00128028148770251,-0.0015650635757742,-0.00276262263736896,-0.00112634833930804,-0.000781944254031308,0.000965307678802304,-0.00206181083262926,-0.000884074348181716,-0.0011180682640862,-2.21322568398321,0,0,0,0
2003-04-30,2003,4,-0.00176423199335853,-0.000778917528307443,-0.0025315056195059,-0.00180426219713556,-0.001843624307911,-0.00203169156798149,-0.00105807713831934,-0.00327868347764851,-0.00209836929140513,-0.00192894184141482,NaN,0,0,0,0
2003-05-31,2003,5,1.68621916305968e-05,-0.000569136551583747,0.000526087115335133,-0.00076882209148269,-0.00133344393292013,-0.00167420038396926,0.00157465228980724,-0.000519763560003856,-0.00155350535968567,8.65683452350716e-05,NaN,0,0,0,0
2003-06-30,2003,6,-0.00158122888067911,0.000653785842928209,-0.000974004135119458,-0.00306536406711792,-0.00087511627761541,-0.000782679924179919,-0.000130658638044451,-0.00133616271887998,-0.000841753591180438,-0.00123840942354041,-0.594913599326574,0,0,0,0
2003-07-31,2003,7,6.00240776929281e-05,0.001030744065164,0.000918225606349795,-0.0013819615296345,-0.000803917161528172,0.000334125269009172,-2.30210107511625e-05,0.000163695042659817,-0.00144300025202832,-0.000590149450118386,NaN,0,0,0,0
2003-08-31,2003,8,-0.000637891947363343,0.00101606370549933,0.000667583130537144,0.000580638488979812,-7.675188786697e-05,0.000315200056593004,0.000604266209898517,0.00199835124193585,-0.00135767796008882,0.000669841989075648,NaN,0,0,0,0
2003-09-30,2003,9,-0.0017421022263085,0.000502087638926118,0.00239132252713195,0.000652757622257324,-0.000335526372848984,0.000819972228503472,0.000794300915254812,-0.000715382773284144,-0.000156174105117929,-0.000282559939025567,1.94011763669657,0,0,0,0
2003-10-31,2003,10,1.59586850889814e-05,0.000274306555869627,0.000997300212133109,0.000562783874443702,0.000654738289636016,-0.000515631652576899,-0.000566637687749844,-0.000537757531787041,-0.000307667599062103,-8.50859854660427e-05,NaN,0,0,0,0
2003-11-30,2003,11,-0.00035203859720258,0.000980122739174299,0.000515940881113546,0.000739078718744712,0.000891978599834033,0.000433324170594283,6.85706311656826e-06,0.00106514746735241,-0.00122108935614925,0.00149171800488691,NaN,0,0,0,0
2003-12-31,2003,12,0.00104393154159058,0.000324726547416591,0.00149452016007265,0.00165447047837672,-0.000121786101727708,-0.000149287879601275,-0.000156719695768819,0.00123617636687559,0.0016509235442596,-0.000500198931257126,1.45877644310772,0,0,0,0
2004-01-31,2004,1,-0.000807316705952782,0.00102715509557739,0.00148110064507723,0.000423897473872717,-0.000895067998317363,-0.000709057642129406,-0.000117264990971336,0.000227161179663797,0.00112427185700176,0.00048056804344256,NaN,0,0,0,0
2004-02-28,2004,2,0.00170302289179685,-7.33189826088963e-05,0.000454779218479753,0.000581772769455503,-0.00109200015645028,0.00122031167052764,0.00114519388052535,-0.000605652169693492,0.000642623848476116,4.85803191709715e-05,NaN,0,0,0,0
2004-03-31,2004,3,0.000684037907867585,0.000651909174623574,0.00114797285963196,2.60496521623064e-05,-0.000763054236943186,0.00186682627239335,0.00146452025491184,0.000688563874807912,-0.000705099879096952,-0.000295514257048088,1.10041334875604,0,0,0,0
2004-04-30,2004,4,0.000232645690054464,0.000298171116697054,0.000329445930615377,0.00200086237760629,-0.000549082669213834,0.00130001816025857,0.000113624693850698,0.000726492936283774,8.59563086423879e-05,0.00020640126409263,NaN,0,0,0,0
2004-05-31,2004,5,-0.000564263401409711,-7.91780602362544e-05,0.0016167754762736,0.00249712454304714,-0.000390038051965732,-3.69401963031162e-06,-0.000613959277921621,0.00096953705900869,0.00265368425204198,-0.000634892387384519,NaN,0,0,0,0
2004-06-30,2004,6,0.00022593764263595,-7.53954124376804e-06,-0.000984024793622858,-0.000274985010197762,0.0012040384448906,0.000839592372324214,-0.00010445724171885,-0.00100413396851465,0.00140383212202305,-0.000629203521184802,0.313848584167076,0,0,0,0
2004-07-31,2004,7,0.000621711913225633,0.00024077140541393,-0.000541131617581277,0.00112710744200674,0.000114147730384685,0.00236814207487376,-0.000410084965998626,0.000585434905259724,-0.0015947424160805,0.000412589182856319,NaN,0,0,0,0
2004-08-31,2004,8,-0.0012773272506315,0.000276293365975864,-0.00168066641835529,-0.000468215884222527,-0.000878529091991942,0.00220429820270982,-0.000429813826196493,0.00119877278328518,-0.00147116665010024,0.000294010082046835,NaN,0,0,0,0
2004-09-30,2004,9,-0.00101666537055725,-1.37026610759817e-05,-0.000783307146612511,-0.000315650412410708,4.16065966501759e-05,-0.00115217897646805,0.000985078746618335,0.00182850703643152,-0.0012735708712573,0.000415040320552862,-0.58866824458228,0,0,0,0
2004-10-31,2004,10,-0.000963902572666555,0.000263155060264941,-0.00443543143076182,-0.000813965095176152,0.00179910127389861,-0.00167798415789428,-0.000384067268717429,0.000519586566801665,0.00166152574238212,-0.000533265904972791,NaN,0,0,0,0
2004-11-30,2004,11,1.96936295698137e-05,0.000644386401647793,-0.00647337487027867,-0.000433056543409037,0.00278123214266747,-0.00190658849741283,-0.00111905204944199,0.000678689773844332,8.91692853776289e-05,0.000927332105235397,NaN,0,0,0,0
2004-12-31,2004,12,0.000501681247522883,-0.000105311959568852,-0.000450580689646622,-0.000259934213135,0.00132985868722758,-2.82732830213349e-05,-0.000829432011931069,-0.000183198238913738,0.000686913497117645,-0.000906419027365428,-0.0392753694654857,0,0,0,0
2005-01-31,2005,1,-0.000371526812268835,-8.41759100147802e-05,-0.00141407369568635,0.00169727578063726,0.000626224649345399,0.000712459975230274,-0.000848260614157028,-0.00143139475623435,0.00171099991749432,-0.000872248371243242,NaN,0,0,0,0
2005-02-28,2005,2,0.000294719458144187,-0.00046724526005768,-0.000609902799444996,0.00278477902029638,1.47247276644804e-05,0.00162488111289373,0.000358459200504308,0.00154178140055977,0.000388904446598586,0.000505225176402532,NaN,0,0,0,0
2005-03-31,2005,3,0.000461821917315146,0.000196560081338262,-0.0025052522177879,0.00241916201861785,0.000524944926428964,0.000238968755451373,0.00125974310789768,-0.000735311262102327,0.000583193595984822,0.00021711439287599,0.549504551143443,0,0,0,0
2005-04-30,2005,4,0.000155865014826416,5.68870502177579e-05,0.00206148174209074,2.22372780500141e-05,0.00116995387487086,-0.000492805803675177,-0.000694276664061399,0.000189034613684089,0.00408767397105947,-0.000831479157690925,NaN,0,0,0,0
2005-05-31,2005,5,9.96460672568579e-05,7.61651766145238e-06,0.0029390661489717,0.00109166146355247,0.00244270015909009,0.00107587434831858,-0.000104493294028818,0.00137482051672621,-0.000145778098636584,-0.000393629557525516,NaN,0,0,0,0
2005-06-30,2005,6,0.00119205000787522,0.000742452457995029,-0.000753086292400499,0.000291325816112826,0.000482699300050977,0.000597060363195795,1.00648252553806e-06,-0.000552307736363607,-0.0011974197318139,-0.000525017516705267,2.30751067692374,0,0,0,0
2005-07-31,2005,7,0.00200012448630387,0.00048057691124094,0.00134890308697858,0.000472247794110086,-0.000275142407437976,-0.0010515992433399,0.00076901131502758,0.000113679783560622,-0.000150117873146821,0.000420209158806655,NaN,0,0,0,0
2005-08-31,2005,8,0.000821539253690325,0.000103259064273073,0.0001233584638471,-3.87884043981913e-05,0.000229592959114595,0.000850874561321644,0.000842843315667114,0.00170741318314518,0.000784952077297796,0.000867220060675128,NaN,0,0,0,0
2005-09-30,2005,9,-0.000672924693179639,0.00010031691222015,-0.00165870898510417,-0.000151188954353375,0.000158693674576171,0.000796971302257756,0.000930490350967658,0.000414262868102796,-0.000233736335955416,-0.000786946814128281,2.75930168762706,0,0,0,0
2005-10-31,2005,10,-0.000193166713937434,0.000220475412882442,-0.00304159981793518,-0.00170276659373423,0.000650629456528476,0.000756533218506866,-0.000557776434242347,0.000235846620612393,-0.000932676618593633,0.000187919254360439,NaN,0,0,0,0
2005-11-30,2005,11,-0.00091644493426057,0.000539435064085018,0.00137025308439382,-0.00111953640481672,0.000378931196550312,0.00173069741516795,0.000896790835455902,0.0020496208981674,-0.00104668439428644,0.00148187718484393,NaN,0,0,0,0
2005-12-31,2005,12,0.000704067576193773,7.1578587184452e-05,0.00218958389500997,0.000875244413971195,0.00206572642672004,0.000435249621136472,0.00100605147117474,0.00238607746962642,-0.000126444417678771,0.000733748140015809,0.851146466814612,0,0,0,0
2006-01-31,2006,1,-0.000331918028627835,0.000743037479034421,0.000352450068239784,0.000382500594222087,0.0005595362788675,0.0010124825329576,-0.000264315439539638,0.00108773345290974,-0.000952528224443266,-0.000230518879588646,NaN,0,0,0,0
2006-02-28,2006,2,0.0035607184878143,0.000347806813759482,0.00188965543339957,0.000979107680806397,0.000366790127644269,0.00017029950990549,0.0013962881988186,0.000939144503843241,0.00246296654955391,0.000678516410903194,NaN,0,0,0,0
2006-03-31,2006,3,0.0023326192333778,0.000234825200549746,0.0036111663057614,0.00131893433280224,-0.0017408406835795,-0.000421819401748308,0.000545682830961234,0.0016296045010909,0.00172599924827938,0.00121486241678623,3.38658940393763,0,0,0,0
2006-04-30,2006,4,0.00272028042593206,0.000524747215991977,-0.000653911364394252,0.00205540268394813,0.000487971930995011,0.00181152515141149,0.000751578715869914,0.00210827118241872,0.00228148043195522,0.00134328231092679,NaN,0,0,0,0
2006-05-31,2006,5,0.00118338976841188,0.000499707637796759,-0.000786069657242581,0.00144404487837175,0.00144676716439758,0.001049021924114,0.000889290890983858,0.000818923696553002,0.00352380138421728,0.000823345960264895,NaN,0,0,0,0
2006-06-30,2006,6,0.000866828005989357,0.000289663317132701,0.000576046927926424,8.37043091488703e-05,9.79761841790363e-05,0.00139735879710025,-7.43172549591034e-05,-0.00223554685908879,-0.0015981438853456,-0.000423528011865582,5.85840238937223,0,0,0,0
2006-07-31,2006,7,0.00103272135009105,0.000663466792660487,-0.000643177979742132,0.000984624644783991,0.00130911391202392,0.00337637832758987,0.000392197514161941,8.93263914057474e-05,-4.59898278679575e-07,0.000379130084039466,NaN,0,0,0,0
2006-08-31,2006,8,0.00162403233735049,0.00119911777227087,-0.00214128020767552,0.00015706163927262,0.000269885549341434,0.00113103208924138,0.000225327226974368,0.000108937814439046,-0.00229354748606212,0.000983219514780393,NaN,0,0,0,0
2006-09-30,2006,9,-0.000482298681145361,0.000563312288787596,-0.000362491649718879,0.00186540781869502,-0.00156796022396836,0.000318778259916649,0.00115475848883285,0.000624732694150427,-0.000345171236863726,0.00159631728988437,3.64647043886244,0,0,0,0
2006-10-31,2006,10,0.00167663562092411,0.000894118361065387,0.00693570016082303,3.38099230166369e-05,0.000123936908271288,0.0012428521423841,-0.000199241507579512,-0.000818456466836784,-0.000485545680643722,0.000221659349622374,NaN,0,0,0,0
2006-11-30,2006,11,0.000678669083601575,0.00115860508027513,0.000958324910905207,0.00237011900920103,0.00271512344080046,0.000185322101522612,0.000410401336067476,0.000383495799169899,0.00206484912451769,0.000845331313655933,NaN,0,0,0,0
2006-12-31,2006,12,0.00116804345231915,0.00101818417428968,0.000627567729166862,0.00317806636739266,8.71283414009609e-05,-0.00262091123778417,0.000427507864637273,0.000517749490252695,0.000619927690319747,0.000148907707491817,3.98420794557985,0,0,0,0
2007-01-31,2007,1,0.000416170799798471,0.00139856595539523,0.000586184792094218,0.00420998024714074,0.000601807055473444,-0.000584898616028411,0.000949476731889672,0.00111857461382418,-0.000664000631723767,0.000357515037168572,NaN,0,0,0,0
2007-02-28,2007,2,0.000596549624804455,0.00169587260633259,0.00267946554152139,0.0038856167959861,3.56692240901746e-05,0.000249763771454236,0.00108276089029826,0.00160712878556232,0.000299335590157478,0.00142936814875725,NaN,0,0,0,0
2007-03-31,2007,3,0.00194572858743383,0.0015357837769616,0.00064935162686697,0.00172061707165464,0.00112262052750839,-0.000258443534903138,-0.000319611140283267,0.00104646870506942,0.00164613014681,0.0013324554880456,1.29467907913678,0,0,0,0
2007-04-30,2007,4,0.00244453394303527,0.00179503932906447,-0.000509785742888851,0.00417199068096145,0.000333124332397155,0.00198007794079538,0.00131681705417664,0.00286280872529206,0.00107678208050457,0.00154408103991441,NaN,0,0,0,0
2007-05-31,2007,5,0.00356028971652566,0.00180128638809848,0.0031098101645998,0.00365706747243184,0.00133475491685968,0.00118163719437598,0.000274599656957614,0.00331293261925401,-0.000245554832839388,0.000841049541299116,NaN,0,0,0,0
2007-06-30,2007,6,0.00282517302031062,0.00166495890261037,-9.71879005896472e-05,0.00405904158710537,0.00187604672384411,-0.00021277159709012,0.00144662658390573,0.00140215780935774,0.00121228548469254,0.000188529771319784,1.29050211029238,0,0,0,0
2007-07-31,2007,7,0.00340576133169241,0.0019691344809516,0.000732630238686919,0.00274811752611613,0.00276808562555015,0.00105527420697055,0.000778253486246562,0.00186251034323097,0.00148679462906636,0.000537789210936503,NaN,0,0,0,0
2007-08-31,2007,8,0.00109889842472241,0.0018025009913979,0.00201616708120134,-0.00105600825130085,-0.000399605823669274,9.12095924766501e-05,-0.00059660720576448,-1.61070679570757e-05,0.00272664719881231,0.000845086997736671,NaN,0,0,0,0
2007-09-30,2007,9,-0.00125597533170093,0.00200895552394856,0.00540375633775211,-0.0032531681572151,-0.00171840399534303,-9.93438455202211e-05,9.61734516462617e-05,-0.00122659543808868,0.0017482318153581,8.58438516688365e-05,3.18989728491132,0,0,0,0
2007-10-31,2007,10,-0.000521328111404464,0.00220182235270916,0.00303939629963747,0.00243870567516396,0.00241678319264739,-7.1694782813492e-05,-9.30372534090923e-05,0.000229715378297386,0.00217159544750323,0.000224577746818543,NaN,0,0,0,0
2007-11-30,2007,11,-0.000625704309387891,0.00252499922709095,-6.53663101000166e-05,0.00132159268857186,0.0031858980500548,-0.000807306231599222,-0.000942539743541846,-0.00131823055312732,0.00538164407250621,0.000523043545151094,NaN,0,0,0,0
2007-12-31,2007,12,0.000157279120143758,0.00283261201316563,6.52559123471368e-05,0.00118992091910263,-0.00115862032058582,-0.000160436524077169,0.000606190234477277,0.000360426261756187,0.000714315789713401,0.000610926109904308,0.54742036736144,0,0,0,0
2008-01-31,2008,1,0.000371344656271669,0.00090922052041979,0.00159842307325357,0.000331951732927298,0.00029997870179629,0.0014896148381573,-0.000394179457765387,-0.000432044131918641,0.00127567847018898,0.000187430610972124,NaN,0,0,0,0
2008-02-28,2008,2,0.000110907653919309,-0.00205130565153264,0.00194686120300738,-0.00520181976431154,0.000722200676396871,0.00207348653906192,-0.000967777564139155,-5.05743703639764e-05,-0.000503798838569745,0.00069642637502644,NaN,0,0,0,0
2008-03-31,2008,3,0.000946223614250919,0.00193896253574448,0.00132549151733246,-0.00076929566043695,0.00200803238691876,0.00254081761515817,2.94045873157757e-05,-0.000105333026665224,4.84314318311188e-05,0.000328579699554149,6.29592373544448,0,0,0,0
2008-04-30,2008,4,-0.00157589068985652,0.0022913060451597,0.00117456624135685,-0.000942572992746382,0.000498338604924984,0.000826490872545535,-0.000170918639417471,-0.000568874088669473,-0.000807917000551518,-0.000836623350698769,NaN,0,0,0,0
2008-05-31,2008,5,-5.28245426038725e-05,0.0036336571967305,0.00345054507958671,0.00259233149050979,0.0014763983951371,0.00141291633278912,0.00128809749245104,0.00178140217358066,-0.000480049221801343,0.00129973570094932,NaN,0,0,0,0
2008-06-30,2008,6,-5.25891510887003e-05,0.00202136388037846,0.00149720406048932,-0.000641253660012754,0.000897912143882862,0.000705005111523902,0.000251708689856613,0.000114432849515619,0.00109762497888439,0.000921350520397913,-2.26813082403545,0,0,0,0
2008-07-31,2008,7,-0.00053786556236341,0.00149955297396409,0.00199758010417539,-0.00101479592195308,0.000236999764385226,0.00150619558900915,-0.000199706431823478,-0.00135667740960406,0.0020079419004654,0.00115555264647357,NaN,0,0,0,0
2008-08-31,2008,8,-0.000546286720892663,0.000733454464167253,8.06603255525904e-05,0.00157918303789608,-0.000304712302059175,0.000691566039040454,-0.000679559880226408,-0.000104544087967705,0.000984831769419465,0.000144148857424855,NaN,0,0,0,0
2008-09-30,2008,9,-0.0010698724140605,0.0022583676087606,0.000142713925479254,-0.00105508367259155,0.000534717779987998,0.000156807330186304,-0.000236060616678211,0.000549228052972119,-0.000573809959054425,-0.000338517090941792,-1.26565218825085,0,0,0,0
2008-10-31,2008,10,-0.0033386999668499,-0.00741832405544985,-0.00475754522134348,-0.00784756127119648,-0.00463799833382144,-0.000496785407616417,-0.00282559486837036,-0.00596215718724202,-0.00218289212982147,-0.00230158684998411,NaN,0,0,0,0
2008-11-30,2008,11,-0.00299590932082779,-0.00926925691822015,-0.00351674197424704,-0.00491033788953324,-0.0036417784525878,-0.00214683286798059,-0.00283811204393127,-0.00204104210642283,-0.00305117879498802,-0.00230027527059103,NaN,0,0,0,0
2008-12-31,2008,12,-0.00439961509065362,-0.000475421932866511,-0.01017359341591,-0.00368098707583964,-0.00253514110044492,-0.00646708789120671,-0.0020667493613051,-0.00266028173943109,0.000359901055929349,-0.00390005692633161,-9.90058792382662,0,0,0,0
2009-01-31,2009,1,-0.00203682043612412,-0.0104409024777084,-0.00543856596160796,-0.0070634220015168,-0.00287002258569745,-0.00163369528635106,-0.00188856428689286,-0.00437903177834566,-0.00251770483269982,-0.00255115378179813,NaN,0,0,0,0
2009-02-28,2009,2,-0.00223213015618952,-0.0150178952173536,-0.00667174376466214,-0.00423125745778633,-0.00408107255245379,-0.00472341335268074,-0.00164463179718049,-0.00436827380651287,-0.0028198345231854,-0.00344802343033899,NaN,0,0,0,0
2009-03-31,2009,3,-0.00326673332630032,-0.0129069107052468,-0.00409747999297247,-0.00550947746809462,-0.00313856895381457,-0.00671821526160648,-0.00194577103675723,-0.00269887300270976,-0.00310419748362512,-0.00225226051903061,-14.4013286608228,0,0,0,0
2009-04-30,2009,4,1.56580272375003e-05,-0.0103097158320821,-0.00336014148364953,-0.00256704027510317,-0.00344818104230771,-0.00111769627696548,-0.00225186463730174,-0.00139539818348099,-0.00227483644192219,-0.00170897783116243,NaN,0,0,0,0
2009-05-31,2009,5,-0.00183693513895647,-0.00122432763008572,-0.00467265459786119,-0.00134172887738935,-0.00251338954690968,-0.000444579082686192,-0.00117741862092766,-0.000690828119280673,-0.00144379628525654,-0.00172571857205896,NaN,0,0,0,0
2009-06-30,2009,6,-0.00338046167471611,0.000749766727811396,-0.005485692690009,-0.00229306793713202,-0.0014395548418418,-0.00243131321236004,4.39311000864357e-05,-0.000246981516946332,-0.00165827959900115,-0.00139001996861861,1.76651592795061,0,0,0,0
2009-07-31,2009,7,-0.000819027998502719,-0.00139018725420277,0.00119750965066119,0.000192166804805396,-0.00128740792728524,0.000632356551739285,-0.000257945178765354,-0.000459484656679545,-0.000212398936681226,-0.00050492429974433,NaN,0,0,0,0
2009-08-31,2009,8,-0.00135061776158137,0.000596960015985954,0.000720068071946738,-0.0014399885760228,-0.000971981401742494,-0.000194169608250623,-0.000509703265703702,-0.000447704293332074,0.000168190884636398,-0.000401848309163165,NaN,0,0,0,0
2009-09-30,2009,9,-0.00123283733165368,-0.00721470651864997,0.00123732433370039,-0.00309697053256965,-0.00100263192722701,-0.00460289777275263,0.000345586731130938,-8.2735513709152e-05,-0.00208848259311029,7.7859674265341e-05,2.90160669140072,0,0,0,0
2009-10-31,2009,10,-5.89229676055414e-05,0.00220983256461676,0.00176872465379917,0.000415370103232284,0.00102194615333699,-0.00146241001511133,0.00134925743536645,-0.000545022206001649,-0.00204808414263404,-1.71893118367668e-06,NaN,0,0,0,0
2009-11-30,2009,11,3.70613399401965e-05,0.00213698489222786,-0.000583006244504152,0.00248391537480454,0.000720354681629733,-0.00151251457320558,0.00158410867088232,-0.0011050267015441,-0.00140105431064544,0.000704971581503629,NaN,0,0,0,0
2009-12-31,2009,12,0.00103660901343806,0.00428646453904772,7.47126141615945e-05,-0.00139653994633543,0.000126961137723818,0.000370410753743739,0.00197273507588834,0.000771071763984236,0.000939190448263215,4.70577302235473e-05,NaN,1,0,0,0
2010-01-31,2010,1,0.000700896403358135,0.0113513939830844,0.00454319473252434,0.0011889220502445,0.000496342074789187,0.00121990711736711,-4.08338562398688e-05,-0.000124492703135216,-0.000959795012231128,-0.000552209074862229,NaN,0,0,0,0
2010-02-28,2010,2,NaN,NaN,NaN,NaN,NaN,NaN,NaN,NaN,NaN,NaN,NaN,0,0,0,0
2010-03-31,2010,3,NaN,NaN,NaN,NaN,NaN,NaN,NaN,NaN,NaN,NaN,NaN,0,1,0,0
2010-04-30,2010,4,NaN,NaN,NaN,NaN,NaN,NaN,NaN,NaN,NaN,NaN,NaN,0,0,0,0
2010-05-31,2010,5,NaN,NaN,NaN,NaN,NaN,NaN,NaN,NaN,NaN,NaN,NaN,0,0,0,0
2010-06-30,2010,6,NaN,NaN,NaN,NaN,NaN,NaN,NaN,NaN,NaN,NaN,NaN,0,0,1,0
2010-07-31,2010,7,NaN,NaN,NaN,NaN,NaN,NaN,NaN,NaN,NaN,NaN,NaN,0,0,0,0
2010-08-31,2010,8,NaN,NaN,NaN,NaN,NaN,NaN,NaN,NaN,NaN,NaN,NaN,0,0,0,0
2010-09-30,2010,9,NaN,NaN,NaN,NaN,NaN,NaN,NaN,NaN,NaN,NaN,NaN,0,0,0,1
